outage_id,run_id,outage_s,env,speed_cat,timing_cat,start_s,v0,mean_ax,max_ax,mean_gz,max_gz,err_v1,err_v2,diff,status
pair_Vfa01__10s__0,pair_Vfa01,10,Other,Med (5-15 m/s),Late (>=120s),1107.5,13.82,2.458264,10.3308,0.175646,1.0194,142.33051883592577,281.9279238847036,139.59740504877783,regressed
pair_Vfa01__30s__0,pair_Vfa01,30,Other,High (>15 m/s),Late (>=120s),763.0,20.39,1.7283496666666667,8.2492,0.12592966666666666,0.629,452.15457950442624,513.8551725264538,61.70059302202753,regressed
pair_Vfa01__60s__0,pair_Vfa01,60,Other,Med (5-15 m/s),Late (>=120s),929.7,10.85,2.4488236666666663,13.8994,0.17969633333333332,1.0531,687.1161864147361,485.001884069151,-202.11430234558514,improved
pair_Vfa01__120s__0,pair_Vfa01,120,Other,Low (<5 m/s),Late (>=120s),1001.7,0.0,1.6313882508333333,16.520901,0.12639633333333333,1.6351,1129.80379092599,827.0906454886979,-302.71314543729204,improved
pair_Vfa01__180s__0,pair_Vfa01,180,Other,High (>15 m/s),Early (<120s),27.1,17.466,1.3618254444444444,8.6642,0.10707777777777779,0.6839,3432.6526035146844,3691.367639941903,258.71503642721837,regressed
pair_Vfa02__10s__0,pair_Vfa02,10,Other,High (>15 m/s),Late (>=120s),5811.5,28.05,1.194245,3.6763,0.09142,0.268,340.0687013837589,298.5901253256312,-41.47857605812766,improved
pair_Vfa02__30s__0,pair_Vfa02,30,Other,High (>15 m/s),Late (>=120s),4086.2,28.576,1.6440113333333333,6.5757,0.12075233333333335,0.4733,678.4186183863967,656.8218590225326,-21.596759363864066,improved
pair_Vfa02__60s__0,pair_Vfa02,60,Other,High (>15 m/s),Late (>=120s),3850.1,24.68,2.1464163333333333,8.0369,0.15608500000000003,0.6064,1668.085021142904,1554.1631712830751,-113.92184985982885,improved
pair_Vfa02__120s__0,pair_Vfa02,120,Other,High (>15 m/s),Late (>=120s),3663.3,25.804,2.099593,9.8858,0.158528,0.9324,2837.600060087689,2703.6550773692297,-133.9449827184594,improved
pair_Vfa02__180s__0,pair_Vfa02,180,Other,High (>15 m/s),Late (>=120s),1021.4,28.3,1.188822777777778,8.3239,0.0945948888888889,0.6214,4998.512296874742,4912.04165937301,-86.4706375017322,improved
pair_Y1__10s__0,pair_Y1,10,Mixed Road / Rural,Med (5-15 m/s),Late (>=120s),2420.0,14.05,0.3900099999999999,2.3244,0.026982,0.095,899.7077314973428,919.8270980381868,20.119366540844,regressed
pair_Y1__30s__0,pair_Y1,30,Mixed Road / Rural,Med (5-15 m/s),Late (>=120s),5138.8,9.54,0.5329126666666667,2.5061,0.031095,0.2196,534.5184438354021,425.4795727406902,-109.03887109471191,improved
pair_Y1__60s__0,pair_Y1,60,Mixed Road / Rural,High (>15 m/s),Late (>=120s),3712.2,18.86,0.2243253333333333,2.1447,0.018504,0.1011,411.7740266772806,433.2273185094396,21.45329183215904,regressed
pair_Y1__120s__0,pair_Y1,120,Mixed Road / Rural,Med (5-15 m/s),Late (>=120s),2221.2,10.806,0.44512075,3.085,0.03267075,0.1768,332.0496275441851,285.8451625364785,-46.20446500770663,improved
pair_Y1__180s__0,pair_Y1,180,Mixed Road / Rural,High (>15 m/s),Late (>=120s),519.2,15.94,0.46537905555555553,6.1754,0.03692322222222222,0.3802,1235.7779572819054,1448.115178679248,212.33722139734255,regressed
pair_M__10s__0,pair_M,10,Highway / Motorway,High (>15 m/s),Late (>=120s),5601.5,21.77,1.083353,2.3599,0.031195,0.1262,250.8058248429105,218.21897640485804,-32.58684843805247,improved
pair_M__30s__0,pair_M,30,Highway / Motorway,Med (5-15 m/s),Late (>=120s),703.3,12.1,0.8494720000000001,5.0287,0.05363933333333333,0.3393,388.29871103093546,359.088809984057,-29.209901046878485,improved
pair_M__60s__0,pair_M,60,Highway / Motorway,Med (5-15 m/s),Late (>=120s),3783.9,9.45,1.4851376666666667,11.5448,0.04801933333333333,0.4342,178.74283923411554,171.9089974829768,-6.833841751138749,improved
pair_M__120s__0,pair_M,120,Highway / Motorway,Med (5-15 m/s),Late (>=120s),2382.7,12.63,0.86899075,8.3233,0.04174100000000001,0.393,633.1237637019876,838.2887080755876,205.16494437359995,regressed
pair_M__180s__0,pair_M,180,Highway / Motorway,Med (5-15 m/s),Late (>=120s),5210.8,13.33,1.1220842777777777,8.3051,0.039377277777777775,0.2139,688.5672379315919,79.19468917246343,-609.3725487591284,improved
pair_S1__10s__0,pair_S1,10,Highway / Motorway,Low (<5 m/s),Late (>=120s),1612.0,3.85,1.4452090000000002,2.7129,0.023692,0.101,31.85851066355202,9.206782577026262,-22.651728086525758,improved
pair_S1__30s__0,pair_S1,30,Highway / Motorway,Med (5-15 m/s),Late (>=120s),401.6,10.97,0.6946860000000001,5.4642,0.049433666666666674,0.2272,357.3946448693105,324.9733358016613,-32.42130906764925,improved
pair_S1__60s__0,pair_S1,60,Highway / Motorway,Med (5-15 m/s),Late (>=120s),3801.8,7.33,0.685135,3.514,0.034528833333333335,0.1957,288.10440754633123,326.8446905723483,38.740283026017096,regressed
pair_S1__120s__0,pair_S1,120,Highway / Motorway,Med (5-15 m/s),Late (>=120s),1957.8,12.01,1.1901501666666667,4.7454,0.03800433333333333,0.2393,1023.2161626835024,1041.7366214433732,18.52045875987085,regressed
pair_S1__180s__0,pair_S1,180,Highway / Motorway,Med (5-15 m/s),Late (>=120s),4476.2,9.56,0.7071488333333334,6.8817,0.03181872222222222,0.3465,219.8134033637153,1557.740696239514,1337.9272928757987,regressed
pair_S3a__10s__0,pair_S3a,10,Highway / Motorway,High (>15 m/s),Late (>=120s),1220.4,18.03,0.5042420000000001,2.272,0.025009,0.0763,162.33944820146831,106.19229581377108,-56.14715238769723,improved
pair_S3a__30s__0,pair_S3a,30,Highway / Motorway,Low (<5 m/s),Late (>=120s),1352.8,0.0,0.25995966666666664,1.5688,0.024815,0.0721,4.757706416759464,4.706324663489627,-0.05138175326983685,unchanged
pair_S3a__60s__0,pair_S3a,60,Highway / Motorway,Med (5-15 m/s),Late (>=120s),476.4,12.57,0.7496676666666667,2.496,0.021020166666666663,0.2506,570.3055777692607,354.13264014497565,-216.17293762428505,improved
pair_S3a__120s__0,pair_S3a,120,Highway / Motorway,Med (5-15 m/s),Late (>=120s),2182.6,5.137,0.8747459166666666,3.2313,0.02703,0.1956,166.0854905470516,392.6041120276694,226.51862148061778,regressed
pair_S3a__180s__0,pair_S3a,180,Highway / Motorway,Med (5-15 m/s),Late (>=120s),1712.7,11.73,0.6756775555555556,3.3642,0.02768161111111111,0.2078,1012.6387034430544,496.9412387677326,-515.6974646753217,improved
pair_S3b__10s__0,pair_S3b,10,Highway / Motorway,Low (<5 m/s),Late (>=120s),655.6,3.62,0.618829,1.6981,0.027045000000000003,0.1356,17.37815581151989,60.665708647908914,43.287552836389025,regressed
pair_S3b__30s__0,pair_S3b,30,Highway / Motorway,Low (<5 m/s),Late (>=120s),204.3,0.0,0.7130883333333334,2.945,0.019101,0.128,45.40830087409669,218.6486340969987,173.24033322290202,regressed
pair_S3b__60s__0,pair_S3b,60,Highway / Motorway,Low (<5 m/s),Late (>=120s),509.1,4.221,0.5274825000000001,4.0717,0.017645333333333332,0.1633,194.26911905406132,290.35685338752285,96.08773433346153,regressed
pair_S3b__120s__0,pair_S3b,120,Highway / Motorway,Med (5-15 m/s),Late (>=120s),231.5,5.81,0.8617168333333333,3.7458,0.02166475,0.1603,545.6281345298878,767.6324069802142,222.00427245032643,regressed
pair_S3b__180s__0,pair_S3b,180,Highway / Motorway,Low (<5 m/s),Late (>=120s),210.8,0.0,0.7457263333333333,3.7458,0.021443833333333332,0.1603,503.6406739696562,1152.2850097368023,648.6443357671461,regressed
pair_S3c__10s__0,pair_S3c,10,Highway / Motorway,Med (5-15 m/s),Late (>=120s),2313.2,13.73,0.3721929999999999,1.8661,0.012290999999999998,0.06,129.18919045758994,113.284108389229,-15.90508206836094,improved
pair_S3c__30s__0,pair_S3c,30,Highway / Motorway,High (>15 m/s),Late (>=120s),1106.6,29.15,0.3095543333333333,1.0561,0.011909666666666667,0.0498,1006.2848865122918,910.5997487115882,-95.68513780070361,improved
pair_S3c__60s__0,pair_S3c,60,Highway / Motorway,Med (5-15 m/s),Early (<120s),21.8,8.52,0.6159073333333334,3.3664,0.008180833333333333,0.0791,193.40977940028077,209.8456818942217,16.435902493940944,regressed
pair_S3c__120s__0,pair_S3c,120,Highway / Motorway,High (>15 m/s),Late (>=120s),2943.8,17.58,0.6941774999999999,3.7079,0.017248333333333334,0.0982,1279.1606380909952,749.7329972269654,-529.4276408640299,improved
pair_S3c__180s__0,pair_S3c,180,Highway / Motorway,Med (5-15 m/s),Late (>=120s),971.9,13.02,0.5736235555555556,3.7077,0.014197166666666669,0.105,5059.5693446213,3998.135177656976,-1061.434166964324,improved
pair_S4__10s__0,pair_S4,10,Highway / Motorway,Med (5-15 m/s),Late (>=120s),565.5,8.7,0.5680869999999999,1.9465,0.024201,0.125,25.650635055002383,43.382090723566826,17.731455668564443,regressed
pair_S4__30s__0,pair_S4,30,Highway / Motorway,Med (5-15 m/s),Late (>=120s),3421.9,10.69,0.7585416666666668,6.7916,0.033329,0.2564,191.82287815497872,80.14277713535913,-111.6801010196196,improved
pair_S4__60s__0,pair_S4,60,Highway / Motorway,High (>15 m/s),Late (>=120s),7235.6,16.17,0.31380966666666665,2.1113,0.0198085,0.1231,3972.5087279257145,3963.508160367685,-9.000567558029616,improved
pair_S4__120s__0,pair_S4,120,Highway / Motorway,Med (5-15 m/s),Late (>=120s),5995.8,10.32,0.48068600000000006,3.0862,0.022862916666666667,0.1621,3772.248370240788,3036.60267397432,-735.6456962664679,improved
pair_S4__180s__0,pair_S4,180,Highway / Motorway,Med (5-15 m/s),Late (>=120s),4920.7,6.35,0.9664294444444445,4.953,0.044096277777777776,0.3675,223.9202203914874,399.338489574354,175.41826918286662,regressed
pair_Vta10__10s__0,pair_Vta10,10,Urban / Suburban,High (>15 m/s),Early (<120s),54.5,27.78,1.3723390000000004,5.9333,0.09738400000000003,0.3879,261.92482485765623,228.59885119644812,-33.32597366120811,improved
pair_Vta10__30s__0,pair_Vta10,30,Urban / Suburban,Med (5-15 m/s),Early (<120s),91.9,13.57,1.5697113333333332,9.5286,0.14552133333333336,0.5312,571.1015311698345,571.6335711651212,0.5320399952867092,regressed
pair_Vta10__60s__0,pair_Vta10,60,Urban / Suburban,High (>15 m/s),Early (<120s),62.6,26.12,2.0190153333333334,10.0124,0.15318216666666667,0.6443,1138.042694523832,1041.3861407246336,-96.65655379919849,improved
pair_Vta10__120s__0,pair_Vta10,120,Urban / Suburban,High (>15 m/s),Early (<120s),11.8,30.14,1.98135525,13.4655,0.14821891666666667,1.0996,2879.536097658788,2767.0151882006385,-112.52090945814962,improved
pair_Vta11__10s__0,pair_Vta11,10,Urban / Suburban,High (>15 m/s),Early (<120s),16.9,18.78,1.743972,8.1941,0.10316099999999999,0.3251,85.03670570071155,126.35948378461798,41.32277808390643,regressed
pair_Vta11__30s__0,pair_Vta11,30,Urban / Suburban,High (>15 m/s),Early (<120s),10.4,18.78,1.8829839999999998,9.0962,0.11648633333333332,0.5491,165.2128587648762,68.80088413686667,-96.41197462800952,improved
pair_Vta12__10s__0,pair_Vta12,10,Urban / Suburban,High (>15 m/s),Early (<120s),30.0,18.41,0.8365019999999999,2.666,0.11654100000000002,0.4808,76.60456057645507,44.07620397848169,-32.52835659797338,improved
pair_Vta12__30s__0,pair_Vta12,30,Urban / Suburban,High (>15 m/s),Early (<120s),13.2,16.35,1.0754103333333334,5.2566,0.12466133333333332,0.4808,323.1216298902894,539.4305951255586,216.30896523526923,regressed
pair_Vta13__10s__0,pair_Vta13,10,Urban / Suburban,High (>15 m/s),Early (<120s),16.9,21.04,0.950676,3.4536,0.1319,0.4373,177.687050834057,166.06793092263396,-11.619119911423041,improved
pair_Vta14__10s__0,pair_Vta14,10,Urban / Suburban,High (>15 m/s),Late (>=120s),159.3,15.09,2.13719,9.5085,0.165704,0.8369,108.84031305002344,32.53448751976796,-76.30582553025548,improved
pair_Vta14__30s__0,pair_Vta14,30,Urban / Suburban,High (>15 m/s),Late (>=120s),158.5,15.09,2.6942556666666664,9.8937,0.18649633333333335,0.8805,411.5297106693644,161.08414775157803,-250.4455629177864,improved
pair_Vta14__60s__0,pair_Vta14,60,Urban / Suburban,High (>15 m/s),Late (>=120s),197.6,17.18,2.4936076666666667,13.8279,0.1713665,0.9193,904.0559900037156,970.3793834940228,66.32339349030724,regressed
pair_Vta14__120s__0,pair_Vta14,120,Urban / Suburban,High (>15 m/s),Early (<120s),54.6,20.72,1.8181561666666668,9.8937,0.1573891666666667,0.9879,2092.3860126222744,2193.684008977519,101.29799635524478,regressed
pair_Vta14__180s__0,pair_Vta14,180,Urban / Suburban,High (>15 m/s),Early (<120s),88.3,19.2,2.2319413888888895,13.8279,0.1650053333333333,0.9879,2850.419776096921,2962.5386830640496,112.11890696712862,regressed
pair_Vta15__10s__0,pair_Vta15,10,Urban / Suburban,High (>15 m/s),Early (<120s),22.9,18.64,2.4744979999999996,9.6136,0.191712,0.6628,209.3550603958886,123.82110585231663,-85.53395454357195,improved
pair_Vta15__30s__0,pair_Vta15,30,Urban / Suburban,High (>15 m/s),Early (<120s),42.2,18.73,1.67832,7.4139,0.12623499999999999,0.6232,738.399382486973,739.4317098804557,1.032327393482774,regressed
pair_Vta15__60s__0,pair_Vta15,60,Urban / Suburban,High (>15 m/s),Early (<120s),10.2,21.05,1.8972404999999999,9.6136,0.13935366666666668,0.6628,1047.9864300099148,1344.33133129403,296.34490128411517,regressed
pair_Vta16__10s__0,pair_Vta16,10,Urban / Suburban,Med (5-15 m/s),Late (>=120s),616.0,14.78,1.4561020000000002,5.4049,0.10276099999999998,0.3624,181.6165596822396,139.867825198584,-41.748734483655596,improved
pair_Vta16__30s__0,pair_Vta16,30,Urban / Suburban,Med (5-15 m/s),Late (>=120s),456.5,6.45,1.4052716666666667,6.5045,0.109552,0.5406,141.11303834091655,138.41255115469338,-2.700487186223171,improved
pair_Vta16__60s__0,pair_Vta16,60,Urban / Suburban,High (>15 m/s),Early (<120s),113.0,21.35,1.655254,9.0748,0.125993,0.8819,903.6960604282287,721.5303511230856,-182.1657093051432,improved
pair_Vta16__120s__0,pair_Vta16,120,Urban / Suburban,High (>15 m/s),Early (<120s),45.7,22.57,1.74781775,10.4796,0.13234425000000002,0.8819,2378.618959065864,1980.890304038755,-397.7286550271092,improved
pair_Vta16__180s__0,pair_Vta16,180,Urban / Suburban,High (>15 m/s),Late (>=120s),828.9,16.44,1.7742721111111113,12.7636,0.13596377777777777,0.7956,1338.433683198046,1707.2667632386624,368.8330800406163,regressed
pair_Vta17__10s__0,pair_Vta17,10,Urban / Suburban,Med (5-15 m/s),Late (>=120s),353.5,12.05,1.5973679999999997,4.7216,0.11999900000000002,0.3899,130.70271706219464,96.32517223006526,-34.377544832129374,improved
pair_Vta17__30s__0,pair_Vta17,30,Urban / Suburban,Low (<5 m/s),Late (>=120s),204.3,0.0,2.020982666666667,13.4704,0.14066166666666666,1.0984,161.77688786154934,164.25139784138472,2.474509979835375,regressed
pair_Vta17__60s__0,pair_Vta17,60,Urban / Suburban,Med (5-15 m/s),Late (>=120s),352.8,12.05,1.0533761666666668,7.2787,0.10498199999999999,0.6988,346.1082849567063,325.6652064522089,-20.443078504497407,improved
pair_Vta17__120s__0,pair_Vta17,120,Urban / Suburban,Med (5-15 m/s),Late (>=120s),294.0,7.28,1.5983198333333333,10.4464,0.13171933333333333,1.0973,804.4392180752328,851.0147431349185,46.575525059685674,regressed
pair_Vta17__180s__0,pair_Vta17,180,Urban / Suburban,Low (<5 m/s),Late (>=120s),179.8,2.77,1.9597168333333332,13.4704,0.1462971111111111,1.0984,1072.6025045783708,1457.5775278890908,384.97502331071996,regressed
pair_Vta1a__10s__0,pair_Vta1a,10,Urban / Suburban,High (>15 m/s),Late (>=120s),690.2,18.25,1.380165,4.3125,0.156675,0.5013,184.5213963946764,141.88766855180086,-42.633727842875544,improved
pair_Vta1a__30s__0,pair_Vta1a,30,Urban / Suburban,High (>15 m/s),Late (>=120s),546.9,15.314,1.0793833333333336,5.0628,0.1621496666666667,0.6196,519.7792808089055,511.4585238858082,-8.320756923097292,improved
pair_Vta1a__60s__0,pair_Vta1a,60,Urban / Suburban,High (>15 m/s),Late (>=120s),193.8,19.673,1.252975,5.7924,0.0989645,0.6504,715.1318262031376,1186.814897636474,471.6830714333363,regressed
pair_Vta1a__120s__0,pair_Vta1a,120,Urban / Suburban,Med (5-15 m/s),Late (>=120s),605.6,12.168,1.0864212500000001,6.4498,0.14719616666666668,0.9681,2403.6712764370527,2331.588059426707,-72.08321701034583,improved
pair_Vta1a__180s__0,pair_Vta1a,180,Urban / Suburban,Med (5-15 m/s),Early (<120s),63.8,10.622,1.3883276666666666,8.509,0.09305227777777778,0.6504,1567.2862012764576,2107.051794267716,539.7655929912585,regressed
pair_Vta1b__10s__0,pair_Vta1b,10,Urban / Suburban,Med (5-15 m/s),Early (<120s),37.4,8.433,1.3977600000000001,5.886,0.131122,0.6062,100.66142142459655,88.04271416283473,-12.618707261761827,improved
pair_Vta1b__30s__0,pair_Vta1b,30,Urban / Suburban,Med (5-15 m/s),Early (<120s),50.5,10.438,1.389334,5.8133,0.14737166666666668,0.9629,314.43122415523385,273.5445217222472,-40.886702432986624,improved
pair_Vta1b__60s__0,pair_Vta1b,60,Urban / Suburban,High (>15 m/s),Early (<120s),12.3,18.17,1.5044758333333335,7.4437,0.17857033333333333,0.9629,769.7978767834102,802.4701058311399,32.67222904772973,regressed
pair_Vta2__10s__0,pair_Vta2,10,Urban / Suburban,Low (<5 m/s),Late (>=120s),718.8,0.0,0.220667,0.4258,0.010812000000000002,0.0314,1.6239999844313282,1.6239999844313282,0.0,unchanged
pair_Vta2__30s__0,pair_Vta2,30,Urban / Suburban,Med (5-15 m/s),Late (>=120s),623.5,8.924,1.6504183333333333,5.9599,0.11011233333333333,0.5037,332.7413744976012,448.761045143837,116.0196706462358,regressed
pair_Vta2__60s__0,pair_Vta2,60,Urban / Suburban,High (>15 m/s),Early (<120s),58.8,18.008,1.3911005,6.0846,0.1918156666666667,1.0288,1144.6879632047298,1055.7618610407008,-88.92610216402909,improved
pair_Vta2__120s__0,pair_Vta2,120,Urban / Suburban,Med (5-15 m/s),Late (>=120s),412.4,10.671,1.0189279166666665,6.0405,0.11895316666666668,0.9639,1071.3894844154245,992.4909278200508,-78.89855659537363,improved
pair_Vta2__180s__0,pair_Vta2,180,Urban / Suburban,Med (5-15 m/s),Late (>=120s),477.6,7.695,1.1693376111111111,9.1767,0.11776172222222223,1.0093,1585.8654764131518,1481.3807691129534,-104.48470730019835,improved
pair_Vta20__10s__0,pair_Vta20,10,Urban / Suburban,Low (<5 m/s),Early (<120s),37.0,0.0,0.16158299999999998,0.9585,0.016547,0.0733,3.2185963503131103,3.244621167734579,0.026024817421468782,unchanged
pair_Vta20__30s__0,pair_Vta20,30,Urban / Suburban,Low (<5 m/s),Early (<120s),103.7,0.0,0.15220033333333335,1.3394,0.014662,0.1038,3.336531087703172,3.336531087703172,0.0,unchanged
pair_Vta20__60s__0,pair_Vta20,60,Urban / Suburban,Low (<5 m/s),Late (>=120s),138.3,0.0,0.17874266666666666,1.6288,0.0178585,0.1112,6.083193929601064,6.122029981241877,0.038836051640812386,unchanged
pair_Vta20__120s__0,pair_Vta20,120,Urban / Suburban,Low (<5 m/s),Early (<120s),82.5,0.0,0.15591458333333333,1.6288,0.015519416666666667,0.1112,5.778322065820203,5.820808147840436,0.04248608202023352,unchanged
pair_Vta20__180s__0,pair_Vta20,180,Urban / Suburban,Low (<5 m/s),Early (<120s),30.7,0.0,0.15138455555555558,1.6288,0.015243722222222223,0.1158,5.1717029861966815,5.181658830716206,0.009955844519524248,unchanged
pair_Vta21__10s__0,pair_Vta21,10,Urban / Suburban,High (>15 m/s),Early (<120s),87.2,18.91,1.0635210000000002,3.5777,0.060315,0.2907,122.97767991309334,76.25068408172287,-46.72699583137047,improved
pair_Vta21__30s__0,pair_Vta21,30,Urban / Suburban,Med (5-15 m/s),Late (>=120s),123.6,13.228,2.100507,10.6054,0.156901,0.912,731.1499918575591,749.1560074548305,18.006015597271357,regressed
pair_Vta21__60s__0,pair_Vta21,60,Urban / Suburban,High (>15 m/s),Early (<120s),89.5,18.91,1.5389176666666666,10.6054,0.11223766666666665,0.912,522.2882371902537,484.1316526527708,-38.15658453748284,improved
pair_Vta21__120s__0,pair_Vta21,120,Urban / Suburban,Med (5-15 m/s),Early (<120s),39.4,15.0,1.6418726666666665,10.6054,0.15031616666666667,1.1439,703.5440408791554,750.3614551595523,46.81741428039686,regressed
pair_Vta21__180s__0,pair_Vta21,180,Urban / Suburban,High (>15 m/s),Early (<120s),10.0,20.938,1.8400299444444443,20.8724,0.16757105555555557,1.9594,1275.2670844917593,1001.3564599785278,-273.9106245132315,improved
pair_Vta22__10s__0,pair_Vta22,10,Urban / Suburban,Med (5-15 m/s),Early (<120s),101.6,9.16,1.0311040000000002,4.24,0.137446,0.4737,161.48454011375296,144.09164233590352,-17.39289777784944,improved
pair_Vta22__30s__0,pair_Vta22,30,Urban / Suburban,Med (5-15 m/s),Early (<120s),65.9,9.96,1.3614853333333334,6.0134,0.12899000000000002,0.4711,361.6136670416387,360.5760970272319,-1.0375700144067537,improved
pair_Vta22__60s__0,pair_Vta22,60,Urban / Suburban,Med (5-15 m/s),Early (<120s),50.4,13.09,1.5130765000000002,8.026,0.16882033333333332,1.0173,574.6609273308277,649.5784390748049,74.91751174397723,regressed
pair_Vta22__120s__0,pair_Vta22,120,Urban / Suburban,Med (5-15 m/s),Early (<120s),15.7,9.5,1.836925083333333,15.5685,0.16846066666666665,1.0851,894.2860057938628,871.0237116227232,-23.262294171139615,improved
pair_Vta23__10s__0,pair_Vta23,10,Urban / Suburban,Med (5-15 m/s),Early (<120s),52.9,10.72,1.247643,5.1919,0.21381400000000003,0.9705,94.56235999519038,74.31774407616477,-20.244615919025605,improved
pair_Vta23__30s__0,pair_Vta23,30,Urban / Suburban,Low (<5 m/s),Early (<120s),33.8,2.7,1.5780463333333334,7.0344,0.17923733333333333,0.9705,282.37963783177247,316.0820224754645,33.70238464369203,regressed
pair_Vta23__60s__0,pair_Vta23,60,Urban / Suburban,Med (5-15 m/s),Early (<120s),22.3,12.43,1.7692261666666669,7.8902,0.1704975,0.9705,605.1526030654142,403.0915304321719,-202.06107263324225,improved
pair_Vta24__10s__0,pair_Vta24,10,Urban / Suburban,Low (<5 m/s),Early (<120s),49.0,1.23,1.5272109999999994,4.7916,0.106402,0.5072,33.70272354536726,33.01496232353354,-0.6877612218337248,improved
pair_Vta24__30s__0,pair_Vta24,30,Urban / Suburban,Med (5-15 m/s),Early (<120s),72.5,12.88,1.032498333333333,10.3796,0.07517433333333334,0.7222,209.39688677915055,224.068506226238,14.671619447087437,regressed
pair_Vta24__60s__0,pair_Vta24,60,Urban / Suburban,Low (<5 m/s),Early (<120s),40.1,1.23,1.1199085,10.3796,0.08599799999999999,0.7222,495.9859006198448,466.6605024522879,-29.325398167556898,improved
pair_Vta25__10s__0,pair_Vta25,10,Urban / Suburban,Low (<5 m/s),Early (<120s),18.1,0.0,0.20053799999999997,0.8588,0.023758999999999995,0.105,1.394288883925338,1.4029803073564588,0.008691423431120837,unchanged
pair_Vta25__30s__0,pair_Vta25,30,Urban / Suburban,Low (<5 m/s),Early (<120s),13.5,0.0,0.524848,3.3875,0.032974333333333335,0.2444,26.504820806683146,34.708319858313125,8.20349905162998,regressed
pair_Vta26__10s__0,pair_Vta26,10,Urban / Suburban,Low (<5 m/s),Late (>=120s),156.5,0.0,0.9119979999999999,6.3652,0.06103999999999999,0.3645,8.854355683064208,23.25410158488019,14.399745901815981,regressed
pair_Vta26__30s__0,pair_Vta26,30,Urban / Suburban,Low (<5 m/s),Early (<120s),98.4,0.0,0.17198266666666664,2.812,0.016498,0.5515,1.907443214735316,1.688478956947023,-0.21896425778829287,improved
pair_Vta26__60s__0,pair_Vta26,60,Urban / Suburban,Low (<5 m/s),Early (<120s),90.8,0.0,0.24034383333333334,2.812,0.020816666666666667,0.5515,31.90060480419366,26.30246829844599,-5.598136505747668,improved
pair_Vta26__120s__0,pair_Vta26,120,Urban / Suburban,Med (5-15 m/s),Early (<120s),27.4,8.86,1.2952715833333333,15.1024,0.10248166666666668,1.2371,657.818668773176,510.9030044466536,-146.9156643265224,improved
pair_Vta27__10s__0,pair_Vta27,10,Urban / Suburban,Med (5-15 m/s),Early (<120s),115.1,14.56,2.6118189999999997,9.3973,0.28274,0.8619,487.6987176374396,416.4095907397223,-71.28912689771727,improved
pair_Vta27__30s__0,pair_Vta27,30,Urban / Suburban,Med (5-15 m/s),Early (<120s),115.5,14.56,3.0396763333333334,14.7519,0.25243099999999996,1.1345,786.6269016021603,661.6283916536593,-124.99850994850101,improved
pair_Vta27__60s__0,pair_Vta27,60,Urban / Suburban,Med (5-15 m/s),Late (>=120s),122.6,12.76,3.4798529983333326,18.771299,0.2488898333333334,1.1345,1302.7389183073456,1176.9344422549798,-125.80447605236577,improved
pair_Vta27__120s__0,pair_Vta27,120,Urban / Suburban,Med (5-15 m/s),Early (<120s),98.5,13.65,3.1101146666666666,18.771299,0.23297808333333336,1.4064,1911.8684729714664,1943.6610144741471,31.792541502680706,regressed
pair_Vta27__180s__0,pair_Vta27,180,Urban / Suburban,Low (<5 m/s),Early (<120s),27.0,3.14,2.7007308333333335,18.771299,0.1994175,1.4064,2326.360362555906,2573.967165335435,247.60680277952906,regressed
pair_Vta28__10s__0,pair_Vta28,10,Urban / Suburban,Low (<5 m/s),Early (<120s),80.6,0.0,0.337591,2.477,0.030054999999999995,0.3539,3.070398621608856,3.109354106198057,0.038955484589201284,unchanged
pair_Vta28__30s__0,pair_Vta28,30,Urban / Suburban,High (>15 m/s),Late (>=120s),202.4,18.02,1.607624,8.5252,0.16017866666666666,0.8389,250.53690958281743,343.59371887594625,93.05680929312882,regressed
pair_Vta28__60s__0,pair_Vta28,60,Urban / Suburban,Med (5-15 m/s),Late (>=120s),143.4,8.11,1.8475548333333336,7.506,0.1505225,0.7539,219.9656402732342,265.96196820857693,45.99632793534275,regressed
pair_Vta28__120s__0,pair_Vta28,120,Urban / Suburban,Low (<5 m/s),Early (<120s),92.3,0.0,1.6238791666666665,7.506,0.11939583333333334,0.7539,318.3722030121041,368.4305819260219,50.05837891391781,regressed
pair_Vta28__180s__0,pair_Vta28,180,Urban / Suburban,Med (5-15 m/s),Late (>=120s),172.6,12.33,1.6671421111111113,10.1519,0.17934605555555555,1.1108,1581.3194941041345,1818.482955112269,237.16346100813462,regressed
pair_Vta29__10s__0,pair_Vta29,10,Urban / Suburban,Low (<5 m/s),Late (>=120s),816.7,2.08,0.727926,3.4247,0.04494499999999999,0.2014,33.006745073442204,29.725951696746456,-3.2807933766957476,improved
pair_Vta29__30s__0,pair_Vta29,30,Urban / Suburban,Med (5-15 m/s),Late (>=120s),690.6,7.7,0.9779943333333332,10.2799,0.06133466666666667,1.1353,46.700541205022766,62.01579468230485,15.315253477282084,regressed
pair_Vta29__60s__0,pair_Vta29,60,Urban / Suburban,High (>15 m/s),Late (>=120s),1589.5,15.54,1.8330816666666665,12.27,0.17512866666666665,0.9517,1041.7776204792112,681.2031788464545,-360.5744416327567,improved
pair_Vta29__120s__0,pair_Vta29,120,Urban / Suburban,High (>15 m/s),Late (>=120s),1718.3,21.8,1.8572662500000001,14.8832,0.16348250000000003,0.9875,1980.1607411274208,2309.9864512843974,329.8257101569766,regressed
pair_Vta29__180s__0,pair_Vta29,180,Urban / Suburban,Med (5-15 m/s),Late (>=120s),1828.3,13.97,1.8411926666666667,14.6856,0.18181883333333335,1.2477,2366.130445969867,2685.8300559907484,319.6996100208812,regressed
pair_Vta3__10s__0,pair_Vta3,10,Urban / Suburban,Low (<5 m/s),Early (<120s),18.9,0.0,1.080636,3.183,0.076992,0.3152,97.97598177163812,91.53963933801784,-6.436342433620283,improved
pair_Vta30__10s__0,pair_Vta30,10,Urban / Suburban,Low (<5 m/s),Late (>=120s),1180.8,1.44,0.895719,2.9664,0.073593,0.3005,39.87506392829044,38.297221402914815,-1.5778425253756225,improved
pair_Vta30__30s__0,pair_Vta30,30,Urban / Suburban,Med (5-15 m/s),Late (>=120s),1231.0,5.62,1.5838073333333333,7.3886,0.11761200000000002,0.5017,246.3377772715828,246.4572131010453,0.1194358294625033,regressed
pair_Vta30__60s__0,pair_Vta30,60,Urban / Suburban,Med (5-15 m/s),Late (>=120s),489.0,7.02,1.3516135,10.763,0.11963449999999999,1.1117,387.5430038292619,338.206591508315,-49.33641232094692,improved
pair_Vta30__120s__0,pair_Vta30,120,Urban / Suburban,Med (5-15 m/s),Late (>=120s),1246.2,8.98,0.9634513333333333,5.8993,0.07141816666666666,0.5,282.7192896854146,157.85834720012164,-124.86094248529295,improved
pair_Vta30__180s__0,pair_Vta30,180,Urban / Suburban,Low (<5 m/s),Late (>=120s),379.6,0.88,0.9979651666666666,10.763,0.07944827777777778,1.1117,571.9288565398648,310.20290368154525,-261.72595285831954,improved
pair_Vta4__10s__0,pair_Vta4,10,Urban / Suburban,Med (5-15 m/s),Early (<120s),62.8,11.75,1.7235819999999997,4.2284,0.19563,0.9775,123.2751439570918,118.46487166240564,-4.810272294686158,improved
pair_Vta4__30s__0,pair_Vta4,30,Urban / Suburban,Med (5-15 m/s),Early (<120s),57.3,11.75,1.5977916666666667,6.2134,0.19071766666666667,0.9775,205.0352017674504,386.7515167381733,181.7163149707229,regressed
pair_Vta4__60s__0,pair_Vta4,60,Urban / Suburban,Med (5-15 m/s),Early (<120s),56.2,13.08,1.3884145,6.7264,0.18489566666666665,0.9775,638.7891812431961,649.8952581515476,11.106076908351497,regressed
pair_Vta4__120s__0,pair_Vta4,120,Urban / Suburban,Med (5-15 m/s),Early (<120s),41.6,12.49,1.552726,10.2584,0.18344266666666667,1.2066,1168.408065178603,1016.7393430458328,-151.6687221327702,improved
pair_Vta6__10s__0,pair_Vta6,10,Urban / Suburban,High (>15 m/s),Early (<120s),113.3,19.66,1.2029130000000001,3.9582,0.18030099999999996,0.6878,359.5700708040343,310.21564052915505,-49.354430274879235,improved
pair_Vta6__30s__0,pair_Vta6,30,Urban / Suburban,High (>15 m/s),Early (<120s),30.9,16.38,2.156167,9.7046,0.20407166666666668,0.9041,582.3143469580937,586.6251404521113,4.3107934940176165,regressed
pair_Vta6__60s__0,pair_Vta6,60,Urban / Suburban,Med (5-15 m/s),Early (<120s),40.7,12.37,2.380547333333333,9.8406,0.23086716666666665,0.9041,1204.4884592839744,1133.1079156864566,-71.38054359751777,improved
pair_Vta7__10s__0,pair_Vta7,10,Urban / Suburban,High (>15 m/s),Early (<120s),11.1,19.76,1.381601,4.6615,0.124922,0.7658,52.21912256842977,64.77792551047594,12.55880294204617,regressed
pair_Vta7__30s__0,pair_Vta7,30,Urban / Suburban,Med (5-15 m/s),Early (<120s),16.8,7.95,1.778978,7.3652,0.13413333333333333,0.5029,551.714258209751,401.62128463684985,-150.0929735729012,improved
pair_Vta7__60s__0,pair_Vta7,60,Urban / Suburban,High (>15 m/s),Early (<120s),10.3,19.76,2.0318321666666663,9.3472,0.16106249999999997,1.0234,1043.256638590036,1192.1253300996348,148.86869150959888,regressed
pair_Vta8__10s__0,pair_Vta8,10,Urban / Suburban,High (>15 m/s),Late (>=120s),289.6,18.16,1.6098310000000005,4.9293,0.112512,0.3874,197.71275498911749,155.79738733104787,-41.91536765806961,improved
pair_Vta8__30s__0,pair_Vta8,30,Urban / Suburban,High (>15 m/s),Late (>=120s),275.9,20.68,1.7207993333333336,9.5109,0.13720033333333334,0.9645,518.4645827275677,407.0346441555678,-111.42993857199997,improved
pair_Vta8__60s__0,pair_Vta8,60,Urban / Suburban,Med (5-15 m/s),Late (>=120s),183.9,13.03,1.329736,11.4144,0.1402118333333333,0.9605,516.6447013490452,415.3566481334365,-101.28805321560873,improved
pair_Vta8__120s__0,pair_Vta8,120,Urban / Suburban,Med (5-15 m/s),Late (>=120s),156.8,10.34,1.5888930833333335,11.9939,0.15564899999999998,1.3459,1221.8766952778187,1146.7156510221805,-75.16104425563822,improved
pair_Vta8__180s__0,pair_Vta8,180,Urban / Suburban,Low (<5 m/s),Early (<120s),43.8,0.93,0.7982400555555554,5.9025,0.09141827777777779,1.1536,1300.1291612575965,1488.8561860913237,188.72702483372723,regressed
pair_Vtb1__10s__0,pair_Vtb1,10,Urban / Suburban,High (>15 m/s),Late (>=120s),1031.0,24.25,1.130025,5.0665,0.10299299999999999,0.3711,255.91695542460704,217.69819026198903,-38.21876516261801,improved
pair_Vtb1__30s__0,pair_Vtb1,30,Urban / Suburban,Low (<5 m/s),Late (>=120s),392.4,2.76,0.9357086666666669,1.4762,0.043995000000000006,0.0579,3320.109776434471,2950.0790851033653,-370.0306913311056,improved
pair_Vtb1__60s__0,pair_Vtb1,60,Urban / Suburban,Med (5-15 m/s),Late (>=120s),1554.5,8.89,2.1998081666666667,12.0358,0.1982905,1.0679,699.4595955435975,781.5741026256537,82.1145070820562,regressed
pair_Vtb1__120s__0,pair_Vtb1,120,Urban / Suburban,High (>15 m/s),Late (>=120s),1464.5,16.36,1.4981500833333332,10.4749,0.13266016666666666,1.0679,1509.103928848506,1779.4548864891697,270.35095764066364,regressed
pair_Vtb1__180s__0,pair_Vtb1,180,Urban / Suburban,Low (<5 m/s),Late (>=120s),207.9,2.76,2.0880285555555553,4.239,0.1332038888888889,0.2142,712.819156058361,2011.833895104668,1299.014739046307,regressed
pair_Vtb11__10s__0,pair_Vtb11,10,Urban / Suburban,High (>15 m/s),Early (<120s),11.6,18.24,2.0529610000000003,5.9267,0.18266899999999997,0.5382,170.6594248085142,99.41469765052938,-71.24472715798481,improved
pair_Vtb12__10s__0,pair_Vtb12,10,Urban / Suburban,Med (5-15 m/s),Early (<120s),13.3,11.13,0.8675670000000001,3.5033,0.08560099999999998,0.2611,82.3877277289677,81.00577055780987,-1.3819571711578362,improved
pair_Vtb2__10s__0,pair_Vtb2,10,Urban / Suburban,Med (5-15 m/s),Late (>=120s),308.8,7.51,2.870295,11.3391,0.22394099999999997,0.8032,93.7202298773276,128.7135490898308,34.993319212503195,regressed
pair_Vtb2__30s__0,pair_Vtb2,30,Urban / Suburban,High (>15 m/s),Early (<120s),72.2,16.29,1.8186236666666666,8.1115,0.11972399999999998,0.7147,310.81027232686193,198.8208614158477,-111.98941091101423,improved
pair_Vtb2__60s__0,pair_Vtb2,60,Urban / Suburban,Med (5-15 m/s),Early (<120s),89.7,9.35,2.2839853333333333,9.9272,0.18305033333333331,0.9581,855.5058808965643,751.6171478474005,-103.88873304916387,improved
pair_Vtb2__120s__0,pair_Vtb2,120,Urban / Suburban,Low (<5 m/s),Late (>=120s),346.1,0.1,1.097449,8.1742,0.08243,1.1258,814.8976159348933,895.3356237059992,80.43800777110584,regressed
pair_Vtb2__180s__0,pair_Vtb2,180,Urban / Suburban,Med (5-15 m/s),Late (>=120s),266.4,9.6,1.6137944444444443,14.1611,0.12155927777777778,1.1258,780.0062946539521,797.0792429688686,17.072948314916516,regressed
pair_Vtb3__10s__0,pair_Vtb3,10,Urban / Suburban,Low (<5 m/s),Late (>=120s),432.9,-0.18,0.282612,1.2348,0.023904,0.094,13.972851016131653,14.041407785482146,0.0685567693504936,unchanged
pair_Vtb3__30s__0,pair_Vtb3,30,Urban / Suburban,Low (<5 m/s),Late (>=120s),689.6,0.11,0.35214566666666663,3.8421,0.021791,0.2665,13.18502757937266,13.922320822966864,0.7372932435942037,regressed
pair_Vtb3__60s__0,pair_Vtb3,60,Urban / Suburban,Low (<5 m/s),Late (>=120s),540.6,1.48,0.306159,1.5439,0.025373999999999997,0.1423,42.934286417430535,42.192375971703015,-0.7419104457275196,improved
pair_Vtb3__120s__0,pair_Vtb3,120,Urban / Suburban,Low (<5 m/s),Late (>=120s),605.3,0.55,0.3450615833333333,3.8421,0.02334391666666667,0.2665,44.47595340740229,45.312107720264486,0.8361543128621989,regressed
pair_Vtb3__180s__0,pair_Vtb3,180,Urban / Suburban,Low (<5 m/s),Late (>=120s),349.0,-0.13,0.2917882222222222,4.5476,0.021040833333333335,0.4255,106.16888469518712,105.34173599718557,-0.827148698001551,improved
pair_Vtb4__10s__0,pair_Vtb4,10,Urban / Suburban,Med (5-15 m/s),Early (<120s),13.6,5.23,2.814592,10.9368,0.187199,0.7758,47.11847544169014,25.258505581104394,-21.859969860585743,improved
pair_Vtb4__30s__0,pair_Vtb4,30,Urban / Suburban,Med (5-15 m/s),Early (<120s),13.1,5.23,3.1894253299999997,17.017099,0.23060466666666665,1.3797,151.21839958805774,148.4524976610261,-2.765901927031649,improved
pair_Vtb5__10s__0,pair_Vtb5,10,Urban / Suburban,Med (5-15 m/s),Late (>=120s),5968.6,12.68,1.0558999999999998,4.3794,0.098267,0.3691,163.32280655746783,150.39630813099944,-12.926498426468385,improved
pair_Vtb5__30s__0,pair_Vtb5,30,Urban / Suburban,Med (5-15 m/s),Late (>=120s),1220.3,6.34,1.0155693333333333,5.2104,0.07496333333333333,0.4643,307.85969704367886,251.11913348285864,-56.74056356082022,improved
pair_Vtb5__60s__0,pair_Vtb5,60,Urban / Suburban,High (>15 m/s),Late (>=120s),5309.4,25.92,1.1026631666666666,4.9228,0.1038535,0.4544,1303.5954336897155,1228.8610980222209,-74.73433566749463,improved
pair_Vtb5__120s__0,pair_Vtb5,120,Urban / Suburban,High (>15 m/s),Late (>=120s),5033.5,26.71,1.0908569166666666,6.7885,0.09330066666666666,0.4896,2871.74156530696,2837.1237347646256,-34.61783054233456,improved
pair_Vtb5__180s__0,pair_Vtb5,180,Urban / Suburban,High (>15 m/s),Late (>=120s),3421.1,24.34,1.1985344999999998,10.2335,0.08393516666666667,0.6905,3538.6712244218443,3740.350527855768,201.6793034339239,regressed
pair_Vtb6__10s__0,pair_Vtb6,10,Urban / Suburban,High (>15 m/s),Early (<120s),19.2,17.19,1.129548,3.1117,0.08205100000000001,0.2643,164.88498422074102,113.47526972673931,-51.409714494001705,improved
pair_Vtb7__10s__0,pair_Vtb7,10,Urban / Suburban,High (>15 m/s),Early (<120s),18.7,15.38,1.317689,6.2482,0.11204800000000002,0.422,193.6912884625028,133.26467003967616,-60.426618422826635,improved
pair_Vtb8__10s__0,pair_Vtb8,10,Urban / Suburban,High (>15 m/s),Early (<120s),41.1,18.84,1.747429,4.8147,0.170929,0.4872,177.40072905772325,200.0845868940376,22.68385783631436,regressed
pair_Vtb8__30s__0,pair_Vtb8,30,Urban / Suburban,High (>15 m/s),Early (<120s),20.5,20.0,1.3847296666666666,8.3381,0.12801633333333332,0.5274,560.5869410880649,658.1331371383571,97.54619605029222,regressed
pair_Vtb9__10s__0,pair_Vtb9,10,Urban / Suburban,High (>15 m/s),Early (<120s),12.8,22.68,1.4127180000000004,5.6688,0.143451,0.4569,74.10361688736377,31.77655736809385,-42.32705951926992,improved
pair_S2__10s__0,pair_S2,10,Highway / Motorway,Med (5-15 m/s),Late (>=120s),7027.0,10.59,0.591948,1.8639,0.04766600000000001,0.3359,84.64558300962962,120.5813629338056,35.935779924175975,regressed
pair_S2__30s__0,pair_S2,30,Highway / Motorway,Med (5-15 m/s),Late (>=120s),7976.4,9.72,0.729202,3.443,0.03941,0.3935,344.7709698914978,318.06789171456694,-26.703078176930887,improved
pair_S2__60s__0,pair_S2,60,Highway / Motorway,Med (5-15 m/s),Late (>=120s),3136.3,6.368,1.330342,8.1806,0.0537085,0.4598,619.1365866760824,721.6699480761428,102.53336140006036,regressed
pair_S2__120s__0,pair_S2,120,Highway / Motorway,Med (5-15 m/s),Late (>=120s),6785.6,7.66,0.8030304166666665,7.1749,0.04495983333333334,0.4053,452.4441915541911,1213.031027570721,760.58683601653,regressed
pair_S2__180s__0,pair_S2,180,Highway / Motorway,Low (<5 m/s),Late (>=120s),795.1,2.5,0.6466653333333334,4.5039,0.03662072222222222,0.3642,919.7659493509188,372.93844264755165,-546.8275067033671,improved
pair_Vw1__10s__0,pair_Vw1,10,Mixed Road / Rural,Low (<5 m/s),Late (>=120s),829.8,0.0,0.260522,0.591,0.028140000000000002,0.0772,1.5810472640803617,1.5810472640803617,0.0,unchanged
pair_Vw1__30s__0,pair_Vw1,30,Mixed Road / Rural,Low (<5 m/s),Late (>=120s),1889.4,0.0,0.22966499999999995,0.6027,0.020538666666666667,0.0734,1.4342325236911255,1.4342325236911255,0.0,unchanged
pair_Vw1__60s__0,pair_Vw1,60,Mixed Road / Rural,Low (<5 m/s),Late (>=120s),508.7,0.0,0.1831295,0.5197,0.022661833333333336,0.0774,1.5214230762108627,1.527041073652862,0.005617997441999201,unchanged
pair_Vw1__120s__0,pair_Vw1,120,Mixed Road / Rural,Low (<5 m/s),Late (>=120s),1068.9,0.0,0.24775833333333327,0.7567,0.024302749999999998,0.0797,2.11923698161053,2.126090172487947,0.006853190877416981,unchanged
pair_Vw1__180s__0,pair_Vw1,180,Mixed Road / Rural,Low (<5 m/s),Late (>=120s),434.2,0.0,0.18956805555555556,0.5857,0.022137277777777777,0.0774,1.9548684527041595,1.956359163755731,0.0014907110515713917,unchanged
pair_Vw10__10s__0,pair_Vw10,10,Mixed Road / Rural,Med (5-15 m/s),Early (<120s),32.7,13.46,1.607454,5.3588,0.239879,0.732,204.8512073565863,235.67032689650776,30.819119539921473,regressed
pair_Vw10__30s__0,pair_Vw10,30,Mixed Road / Rural,Med (5-15 m/s),Early (<120s),14.4,6.55,1.402952,6.318,0.22089566666666666,0.9472,389.0711970816921,394.9314622729668,5.860265191274721,regressed
pair_Vw11__10s__0,pair_Vw11,10,Mixed Road / Rural,Med (5-15 m/s),Late (>=120s),154.3,12.52,1.4513170000000002,4.1423,0.13282300000000002,0.4493,88.69141837187385,60.89357075342818,-27.797847618445672,improved
pair_Vw11__30s__0,pair_Vw11,30,Mixed Road / Rural,Med (5-15 m/s),Late (>=120s),345.6,10.83,0.647891,4.1569,0.030977666666666667,0.2434,46.47816141115973,39.073828006161925,-7.404333404997807,improved
pair_Vw11__60s__0,pair_Vw11,60,Mixed Road / Rural,Med (5-15 m/s),Late (>=120s),375.9,7.24,1.798708,8.625,0.19562100000000002,0.9616,1090.1141006188448,1101.6396562307082,11.52555561186341,regressed
pair_Vw11__120s__0,pair_Vw11,120,Mixed Road / Rural,Low (<5 m/s),Late (>=120s),353.8,0.0,1.35397125,8.625,0.14494975000000002,0.9616,2040.402943531957,2076.3982219073982,35.99527837544133,regressed
pair_Vw11__180s__0,pair_Vw11,180,Mixed Road / Rural,Med (5-15 m/s),Early (<120s),30.4,10.84,0.8825222777777779,8.2187,0.08081794444444444,0.867,900.1866009898287,598.7689829144881,-301.41761807534056,improved
pair_Vw12__10s__0,pair_Vw12,10,Mixed Road / Rural,High (>15 m/s),Early (<120s),21.3,25.61,3.625217,8.4356,0.345475,0.7686,330.1921630131196,427.3278767128453,97.13571369972567,regressed
pair_Vw12__30s__0,pair_Vw12,30,Mixed Road / Rural,High (>15 m/s),Early (<120s),13.9,25.925,2.4417693333333332,8.4356,0.21017433333333335,0.7686,720.909984983899,781.6209401300064,60.71095514610738,regressed
pair_Vw12__60s__0,pair_Vw12,60,Mixed Road / Rural,High (>15 m/s),Early (<120s),15.9,25.61,1.8418426666666665,8.4356,0.16566983333333332,0.7686,1372.6674462876183,1201.4472547090477,-171.22019157857062,improved
pair_Vw14a__10s__0,pair_Vw14a,10,Mixed Road / Rural,High (>15 m/s),Late (>=120s),161.5,25.4,2.5589890000000004,5.9971,0.25321799999999994,0.7094,289.186621728143,197.8355003372535,-91.35112139088949,improved
pair_Vw14a__30s__0,pair_Vw14a,30,Mixed Road / Rural,High (>15 m/s),Early (<120s),54.1,23.01,0.896254,4.4514,0.111402,0.552,815.0893294724682,702.7001878460561,-112.38914162641208,improved
pair_Vw14a__60s__0,pair_Vw14a,60,Mixed Road / Rural,High (>15 m/s),Late (>=120s),138.8,28.48,1.3430416666666667,6.2759,0.143299,0.7094,1665.4054064050997,1635.3264397520918,-30.07896665300791,improved
pair_Vw14a__120s__0,pair_Vw14a,120,Mixed Road / Rural,High (>15 m/s),Early (<120s),85.0,24.36,1.38744025,6.2759,0.1406895833333333,0.7094,3231.527678916978,2978.3484172370754,-253.17926167990254,improved
pair_Vw14a__180s__0,pair_Vw14a,180,Mixed Road / Rural,High (>15 m/s),Early (<120s),50.4,23.01,1.276492388888889,6.2759,0.13562772222222225,0.7094,4376.191145243076,4160.737206883275,-215.4539383598012,improved
pair_Vw14b__10s__0,pair_Vw14b,10,Mixed Road / Rural,High (>15 m/s),Late (>=120s),512.5,24.07,1.012991,3.3988,0.11459,0.4581,229.0937095203333,194.16871260860137,-34.92499691173194,improved
pair_Vw14b__30s__0,pair_Vw14b,30,Mixed Road / Rural,High (>15 m/s),Late (>=120s),1549.8,21.23,1.6802733333333333,6.687,0.147062,0.6345,642.0650494623799,584.6604367828639,-57.404612679515935,improved
pair_Vw14b__60s__0,pair_Vw14b,60,Mixed Road / Rural,High (>15 m/s),Late (>=120s),1060.4,22.35,0.8118043333333332,3.2278,0.13336466666666666,0.6736,1297.694910115958,1220.2424601309258,-77.45244998503222,improved
pair_Vw14b__120s__0,pair_Vw14b,120,Mixed Road / Rural,High (>15 m/s),Late (>=120s),1502.3,17.61,1.9379605,10.2727,0.15223175,0.8716,2381.3702314558814,2139.06781780604,-242.30241364984158,improved
pair_Vw14b__180s__0,pair_Vw14b,180,Mixed Road / Rural,High (>15 m/s),Late (>=120s),225.3,29.85,0.9890294999999999,6.6039,0.13087688888888888,0.6992,4670.014209938599,4728.026837913959,58.012627975359464,regressed
pair_Vw14c__10s__0,pair_Vw14c,10,Mixed Road / Rural,Med (5-15 m/s),Late (>=120s),188.5,11.89,1.448102,5.3086,0.08556,0.4101,53.81652048509869,37.35507585972586,-16.461444625372835,improved
pair_Vw14c__30s__0,pair_Vw14c,30,Mixed Road / Rural,Med (5-15 m/s),Late (>=120s),137.8,5.53,0.789787,4.2638,0.050396,0.3033,124.32897613037991,128.84094626642138,4.5119701360414695,regressed
pair_Vw14c__60s__0,pair_Vw14c,60,Mixed Road / Rural,Med (5-15 m/s),Late (>=120s),626.2,13.676,0.9952226666666667,5.2192,0.11366783333333333,0.5939,1005.6894362373166,1037.265060168516,31.57562393119929,regressed
pair_Vw14c__120s__0,pair_Vw14c,120,Mixed Road / Rural,Low (<5 m/s),Late (>=120s),1431.7,1.382,0.8761091666666668,8.5133,0.06523333333333334,0.7511,465.9109186886754,495.82575027509085,29.91483158641546,regressed
pair_Vw14c__180s__0,pair_Vw14c,180,Mixed Road / Rural,High (>15 m/s),Late (>=120s),766.0,21.81,0.9442105555555557,7.979,0.11634761111111111,1.0957,4154.938344313162,3906.114125348393,-248.824218964769,improved
pair_Vw15__10s__0,pair_Vw15,10,Mixed Road / Rural,Low (<5 m/s),Early (<120s),57.1,0.0,0.21228100000000005,1.3312,0.025579,0.2819,3.41088733394377,3.4130791925737447,0.002191858629974508,unchanged
pair_Vw15__30s__0,pair_Vw15,30,Mixed Road / Rural,Low (<5 m/s),Early (<120s),58.0,0.0,0.170796,1.3312,0.018446666666666663,0.2819,4.3461051367979575,4.337296560142396,-0.008808576655561673,unchanged
pair_Vw15__60s__0,pair_Vw15,60,Mixed Road / Rural,Low (<5 m/s),Early (<120s),59.6,0.0,0.15906266666666669,1.3312,0.014896833333333333,0.2819,5.823968591369342,5.804014360752605,-0.019954230616736623,unchanged
pair_Vw16a__10s__0,pair_Vw16a,10,Mixed Road / Rural,Med (5-15 m/s),Late (>=120s),121.1,12.05,1.226074,3.7441,0.111865,0.3929,205.84900057443176,201.06816904678303,-4.780831527648729,improved
pair_Vw16a__30s__0,pair_Vw16a,30,Mixed Road / Rural,Low (<5 m/s),Early (<120s),55.0,0.03,1.2152806666666667,5.2586,0.103675,0.6279,257.25713027787435,282.289327586969,25.03219730909467,regressed
pair_Vw16a__60s__0,pair_Vw16a,60,Mixed Road / Rural,Med (5-15 m/s),Early (<120s),112.6,9.845,1.5595716666666666,7.9243,0.13629716666666666,0.6281,650.9278204278569,736.0945130101518,85.1666925822949,regressed
pair_Vw16a__120s__0,pair_Vw16a,120,Mixed Road / Rural,Low (<5 m/s),Early (<120s),46.7,0.03,1.3309456666666668,7.9243,0.11600483333333335,0.6281,1101.1040765187925,1163.4259594467223,62.32188292792989,regressed
pair_Vw16a__180s__0,pair_Vw16a,180,Mixed Road / Rural,High (>15 m/s),Late (>=120s),251.4,19.82,1.3127458333333335,11.8398,0.13984327777777777,1.7273,3367.9139876643967,3036.59428792194,-331.3196997424566,improved
pair_Vw16b__10s__0,pair_Vw16b,10,Mixed Road / Rural,High (>15 m/s),Early (<120s),13.5,23.03,2.0573530000000004,9.5108,0.244705,1.0923,299.59176029246635,402.3787107292113,102.78695043674497,regressed
pair_Vw16b__30s__0,pair_Vw16b,30,Mixed Road / Rural,High (>15 m/s),Early (<120s),12.8,23.03,1.8226660000000001,9.8115,0.199572,1.3518,779.3231791692838,797.3612038586518,18.038024689368058,regressed
pair_Vw16b__60s__0,pair_Vw16b,60,Mixed Road / Rural,High (>15 m/s),Early (<120s),12.2,23.03,1.681094,9.8115,0.15286166666666665,1.3518,1121.1509552855514,1040.6368184582152,-80.51413682733619,improved
pair_Vw17__10s__0,pair_Vw17,10,Mixed Road / Rural,High (>15 m/s),Early (<120s),12.3,19.29,1.739828,7.1231,0.139372,0.4048,144.79310396174742,115.07017606477385,-29.722927896973573,improved
pair_Vw2__10s__0,pair_Vw2,10,Mixed Road / Rural,High (>15 m/s),Late (>=120s),1192.5,21.81,1.062297,4.4339,0.114952,0.3955,178.6983227199425,123.2387310965778,-55.4595916233647,improved
pair_Vw2__30s__0,pair_Vw2,30,Mixed Road / Rural,Med (5-15 m/s),Late (>=120s),1600.4,9.85,1.568416,7.9632,0.13539133333333334,0.5415,464.5977225703469,480.4685103563842,15.870787786037283,regressed
pair_Vw2__60s__0,pair_Vw2,60,Mixed Road / Rural,Med (5-15 m/s),Late (>=120s),2321.4,9.47,2.4682051666666665,9.8439,0.19563516666666667,0.7474,1378.2293940061656,1419.5413569789334,41.31196297276779,regressed
pair_Vw2__120s__0,pair_Vw2,120,Mixed Road / Rural,High (>15 m/s),Late (>=120s),4358.7,21.92,1.14115725,9.0725,0.12269091666666668,0.9428,2647.439075361247,2380.30890610772,-267.13016925352713,improved
pair_Vw2__180s__0,pair_Vw2,180,Mixed Road / Rural,Low (<5 m/s),Late (>=120s),425.9,4.19,1.4308428333333334,13.8892,0.13962049999999998,1.3015,794.9246462880476,833.4595555015161,38.534909213468495,regressed
pair_Vw3__10s__0,pair_Vw3,10,Mixed Road / Rural,High (>15 m/s),Late (>=120s),143.2,15.61,1.213249,6.4812,0.22532800000000003,1.038,106.4153068504016,83.46239989905446,-22.952906951347146,improved
pair_Vw3__30s__0,pair_Vw3,30,Mixed Road / Rural,High (>15 m/s),Early (<120s),86.6,15.8,1.4332946666666666,7.0989,0.12872566666666665,0.5227,397.4386447973848,371.1571023697376,-26.281542427647253,improved
pair_Vw3__60s__0,pair_Vw3,60,Mixed Road / Rural,High (>15 m/s),Late (>=120s),243.4,17.74,1.7960101666666666,8.2252,0.144243,1.0612,879.238164084429,767.3585065295385,-111.8796575548904,improved
pair_Vw3__120s__0,pair_Vw3,120,Mixed Road / Rural,Med (5-15 m/s),Early (<120s),38.3,9.09,1.6852575,13.2714,0.16507,1.1594,1377.84250643341,1101.35814283588,-276.4843635975301,improved
pair_Vw3__180s__0,pair_Vw3,180,Mixed Road / Rural,Med (5-15 m/s),Early (<120s),15.3,11.23,1.7607428333333333,13.2714,0.16949888888888887,1.1594,1440.2406826450783,1129.1575043825608,-311.08317826251755,improved
pair_Vw4__10s__0,pair_Vw4,10,Mixed Road / Rural,Low (<5 m/s),Late (>=120s),9002.2,2.41,1.4716840000000002,4.31,0.130639,0.5325,28.112175123720625,63.14965169151719,35.03747656779657,regressed
pair_Vw4__30s__0,pair_Vw4,30,Mixed Road / Rural,High (>15 m/s),Late (>=120s),3623.4,17.96,2.037102,8.0366,0.19929233333333335,1.0087,519.8661061530255,385.8828593854976,-133.98324676752787,improved
pair_Vw4__60s__0,pair_Vw4,60,Mixed Road / Rural,High (>15 m/s),Late (>=120s),7026.5,27.224,1.9744773333333334,10.1318,0.185648,0.8117,1410.665056864637,1372.8990468581185,-37.76601000651863,improved
pair_Vw4__120s__0,pair_Vw4,120,Mixed Road / Rural,High (>15 m/s),Late (>=120s),6882.9,23.72,0.94740175,4.3018,0.10658125,0.5995,2596.4195008146257,2631.501814018477,35.0823132038513,regressed
pair_Vw4__180s__0,pair_Vw4,180,Mixed Road / Rural,High (>15 m/s),Late (>=120s),4228.8,29.87,1.9153097777777779,11.8395,0.17648627777777778,1.2508,5041.020918056643,5097.630350855515,56.60943279887215,regressed
pair_Vw5__10s__0,pair_Vw5,10,Mixed Road / Rural,Low (<5 m/s),Early (<120s),34.0,3.87,1.6786210000000004,5.9226,0.147421,0.5102,51.45916231948214,50.68058780302009,-0.7785745164620508,improved
pair_Vw5__30s__0,pair_Vw5,30,Mixed Road / Rural,Med (5-15 m/s),Early (<120s),25.2,6.89,1.398781,8.1275,0.120376,0.8821,149.82414439697024,206.90549056697395,57.08134617000371,regressed
pair_Vw5__60s__0,pair_Vw5,60,Mixed Road / Rural,Med (5-15 m/s),Early (<120s),15.9,5.47,1.40897,8.1275,0.14013866666666666,0.8821,143.5042393237475,161.3389318331324,17.834692509384894,regressed
pair_Vw6__10s__0,pair_Vw6,10,Mixed Road / Rural,Med (5-15 m/s),Early (<120s),21.8,8.24,1.9154290000000003,7.768,0.189661,0.8206,87.18899195964738,49.96317521025704,-37.22581674939034,improved
pair_Vw6__30s__0,pair_Vw6,30,Mixed Road / Rural,Med (5-15 m/s),Early (<120s),86.1,5.86,1.2872036666666669,8.9233,0.09227733333333334,0.9491,277.1686879183204,329.9031097912696,52.73442187294921,regressed
pair_Vw6__60s__0,pair_Vw6,60,Mixed Road / Rural,Med (5-15 m/s),Early (<120s),41.8,9.05,1.5017035,8.9689,0.14320933333333333,1.0873,240.70434335514616,200.2342165113891,-40.47012684375707,improved
pair_Vw7__10s__0,pair_Vw7,10,Mixed Road / Rural,Low (<5 m/s),Early (<120s),55.8,1.3,1.4196819999999999,4.6235,0.130342,0.5417,98.54225421909511,70.99005512122913,-27.55219909786598,improved
pair_Vw7__30s__0,pair_Vw7,30,Mixed Road / Rural,Med (5-15 m/s),Early (<120s),31.8,5.523,1.2495786666666666,4.358,0.101076,0.5417,203.2677459231716,193.2632845274285,-10.004461395743078,improved
pair_Vw7__60s__0,pair_Vw7,60,Mixed Road / Rural,Med (5-15 m/s),Early (<120s),45.8,7.03,1.5443636666666665,10.8787,0.13107883333333334,0.7871,59.23583492918959,284.9988689304548,225.76303400126523,regressed
pair_Vw7__120s__0,pair_Vw7,120,Mixed Road / Rural,Med (5-15 m/s),Early (<120s),14.8,7.15,1.6146061666666667,10.8787,0.14878083333333333,0.9256,85.62510934576927,134.18986194181252,48.56475259604325,regressed
pair_Vw8__10s__0,pair_Vw8,10,Mixed Road / Rural,Low (<5 m/s),Early (<120s),57.1,1.44,2.9068050000000003,11.6649,0.21757300000000002,0.9837,46.32882670452278,31.465625939185788,-14.863200765336995,improved
pair_Vw8__30s__0,pair_Vw8,30,Mixed Road / Rural,Low (<5 m/s),Early (<120s),75.9,4.79,1.8855006666666665,7.3456,0.15972466666666665,0.6775,154.7223534825305,275.7335426036162,121.01118912108566,regressed
pair_Vw8__60s__0,pair_Vw8,60,Mixed Road / Rural,Low (<5 m/s),Early (<120s),53.2,1.44,1.8533246666666665,11.6649,0.16982266666666665,0.9837,83.73354320428953,128.31691943945495,44.58337623516542,regressed
pair_Vw8__120s__0,pair_Vw8,120,Mixed Road / Rural,Med (5-15 m/s),Early (<120s),14.5,7.658,1.7389013333333332,11.6649,0.164528,1.0197,237.3323818692365,13.243468568148026,-224.0889133010885,improved
pair_Vw9__10s__0,pair_Vw9,10,Mixed Road / Rural,Med (5-15 m/s),Early (<120s),29.1,7.43,1.7049259999999995,7.9517,0.148823,0.8328,88.89342969736482,80.23809810802486,-8.655331589339966,improved
