outage_id,outage_s,run_id,baseline_cpp_strapdown_v1,baseline_cv_heading_v1,corrected_init_strapdown_v1,ekf_zupt_nhc_v1,ekf_zupt_nhc_v2,ekf_zupt_nhc_v3,v1,v2,v3,diff_v3_v2,diff_v3_v1,cross_v2,cross_v3,cross_diff,along_v2,along_v3,along_diff,head_v2,head_v3,head_diff
pair_M__10s__0,10,pair_M,61.04945165010305,32.8278838131513,31.357866750875093,250.8058248429105,218.21897640485804,227.652370308954,250.8058248429105,218.21897640485804,227.652370308954,9.433393904095965,-23.153454533956506,-8.288741889285447,-20.44192563913822,-12.153183749852772,-218.06016421191595,-226.731429252765,-8.67126504084905,89.03520854492189,90.42830854492188,1.3930999999999898
pair_M__180s__0,180,pair_M,12727.17762597395,1607.9219661544562,15930.05769420002,688.5672379315919,79.19468917246343,296.74747394434786,688.5672379315919,79.19468917246343,296.74747394434786,217.55278477188443,-391.819763987244,57.78525656929235,104.0639506019888,46.27869403269644,-54.15408700786061,-277.9032715902315,-223.7491845823709,169.053894140625,170.941194140625,1.887299999999982
pair_M__60s__0,60,pair_M,5286.725123547005,366.7355509067944,4950.277564718602,178.74283923411554,171.9089974829768,214.22539487908625,178.74283923411554,171.9089974829768,214.22539487908625,42.316397396109465,35.48255564497072,-149.69701765469654,-213.77826216036624,-64.0812445056697,84.51733982142818,-13.848161430303907,-98.36550125173208,13.590604394531256,139.21209560546873,125.62149121093748
pair_S1__10s__0,10,pair_S1,76.8609711778562,6.436525837718606,72.99755642190777,31.85851066355202,9.206782577026262,32.76116973809015,31.85851066355202,9.206782577026262,32.76116973809015,23.554387161063893,0.902659074538132,-5.335813058445687,-9.350570497211976,-4.0147574387662885,-7.502927943369831,-31.398448661098048,-23.895520717728218,8.999996948242199,8.559596948242188,-0.440400000000011
pair_S1__30s__0,30,pair_S1,282.7767698901639,49.28485251748343,320.01922123911066,357.3946448693105,324.9733358016613,333.374145319651,357.3946448693105,324.9733358016613,333.374145319651,8.400809517989728,-24.02049954965952,-35.9133767912607,-32.8059349299313,3.1074418613294057,-322.97966008327484,-331.7528478885397,-8.773187805264854,63.91141342773437,47.19221342773437,-16.719199999999994
pair_S2__180s__0,180,pair_S2,82895.2833742544,1265.180527869155,76877.6681772332,919.7659493509188,372.93844264755165,1037.068308322122,919.7659493509188,372.93844264755165,1037.068308322122,664.1298656745703,117.30235897120315,-368.7133289558071,-214.60416799730373,154.1091609585034,55.97801946561398,-1014.6092748109586,-1070.5872942765725,53.99020927734375,103.74520927734376,49.75500000000001
pair_S2__30s__0,30,pair_S2,940.6991702147152,67.3198751633475,1591.295355321723,344.7709698914978,318.06789171456694,327.2475558488291,344.7709698914978,318.06789171456694,327.2475558488291,9.179664134262168,-17.52341404266872,-194.02367443752613,-147.34943107500453,46.674243362521594,-252.0387272365164,-292.2013048430664,-40.16257760655,130.92550292968753,132.36210292968752,1.4365999999999985
pair_S3a__10s__0,10,pair_S3a,75.45125710053782,17.087585312500217,110.19676699292248,162.33944820146831,106.19229581377108,122.49895328501128,162.33944820146831,106.19229581377108,122.49895328501128,16.3066574712402,-39.84049491645703,-20.70730335984005,-14.637026783882296,6.070276575957754,-104.1541948952934,-121.62182081605114,-17.46762592075774,64.90800067138672,75.66260067138671,10.754599999999996
pair_S3a__60s__0,60,pair_S3a,3512.457980516549,233.07909276487484,2066.856010453393,570.3055777692607,354.13264014497565,769.9529171391208,570.3055777692607,354.13264014497565,769.9529171391208,415.82027699414516,199.6473393698601,21.38732227970864,103.4641372410767,82.07681496136806,-353.4873253275522,-762.9704040713448,-409.4830787437926,92.89499920654292,61.45830079345703,-31.436698413085892
pair_S3c__10s__0,10,pair_S3c,68.82873584696014,7.987350078430234,52.28033083454578,129.18919045758994,113.284108389229,120.98726496897406,129.18919045758994,113.284108389229,120.98726496897406,7.703156579745055,-8.201925488615885,21.123911568692407,27.140951790752176,6.017040222059769,-111.2972252927564,-117.9037471673138,-6.6065218745574015,74.4188029296875,60.3382029296875,-14.080600000000004
pair_S3c__120s__0,120,pair_S3c,41190.177775064,2767.6064549235416,35299.81803029799,1279.1606380909952,749.7329972269654,1298.7343180018863,1279.1606380909952,749.7329972269654,1298.7343180018863,549.0013207749209,19.573679910891087,-742.9746950581373,-1048.946436875104,-305.97174181696664,100.52624335440214,765.8914519406158,665.3652085862136,17.07669985504151,4.199499855041495,-12.877200000000016
pair_S3c__30s__0,30,pair_S3c,67.50616608277116,39.20108101832185,216.56419055194527,1006.2848865122918,910.5997487115882,932.5271179916584,1006.2848865122918,910.5997487115882,932.5271179916584,21.927369280070252,-73.75776852063336,-26.16438475885235,-26.63789248247963,-0.47350772362727866,-910.1937414221676,-932.115085521129,-21.921344098961413,59.81329023437502,35.221590234375014,-24.591700000000003
pair_S4__120s__0,120,pair_S4,5955.63815696299,4597.689384777245,22757.64098067201,3772.248370240788,3036.60267397432,3133.248603919952,3772.248370240788,3036.60267397432,3133.248603919952,96.6459299456319,-638.999766320836,-1001.544982784618,-1023.638431190146,-22.093448405527965,2866.5113707042983,2961.1403040179266,94.6289333136283,55.58149584960938,74.40789584960939,18.826400000000007
pair_S4__60s__0,60,pair_S4,6314.744335647187,4318.550902924377,5530.788975572381,3972.5087279257145,3963.508160367685,4059.3814253533305,3972.5087279257145,3963.508160367685,4059.3814253533305,95.87326498564562,86.872697427616,1815.437659916786,2193.9797275466776,378.54206762989156,3523.9555217826983,3416.0804089064072,-107.87511287629104,99.2046107421875,77.17171074218751,-22.032899999999984
pair_Vfa01__120s__0,120,pair_Vfa01,30327.01383308372,862.2665273002301,29731.102228809446,1129.80379092599,827.0906454886979,1139.928617655837,1129.80379092599,827.0906454886979,1139.928617655837,312.837972167139,10.124826729846973,-472.8787394557834,-491.27454686274285,-18.395807406959477,-678.5427691090074,-1028.5842705372258,-350.04150142821845,48.86239905395507,82.2485990539551,33.38620000000003
pair_Vfa01__60s__0,60,pair_Vfa01,4558.791007370567,42.80876645383693,10764.014342794297,687.1161864147361,485.001884069151,767.7646630403839,687.1161864147361,485.001884069151,767.7646630403839,282.7627789712329,80.64847662564773,-121.70680365409429,84.65831268359537,206.36511633768964,-469.4827884078096,-763.0723219375656,-293.58953352975595,171.34310268554688,90.04680268554688,-81.2963
pair_Vfa02__10s__0,10,pair_Vfa02,105.74866776553522,73.80547250874345,22.918161320380143,340.0687013837589,298.5901253256312,306.879088600424,340.0687013837589,298.5901253256312,306.879088600424,8.288963274792764,-33.189612783334894,15.035891158372529,26.35756044902979,11.321669290657262,-298.2098656909862,-305.7438882290478,-7.534022538061606,61.26669365234375,67.93469365234375,6.668000000000006
pair_Vfa02__120s__0,120,pair_Vfa02,26025.045915254643,2159.146531363322,45290.195821561545,2837.600060087689,2703.6550773692297,2816.654550590973,2837.600060087689,2703.6550773692297,2816.654550590973,112.9994732217433,-20.945509496716113,1208.5858702484152,1196.092051882216,-12.493818366199093,-2418.1715374013656,-2549.736639916837,-131.56510251547115,150.73040463867187,153.56120463867188,2.8308000000000106
pair_Vfa02__60s__0,60,pair_Vfa02,873.4384630202653,233.9332686397456,3224.229206207955,1668.085021142904,1554.1631712830751,1686.47066069832,1668.085021142904,1554.1631712830751,1686.47066069832,132.30748941524485,18.38563955541599,-451.7227523889375,-404.5154115126508,47.20734087628671,-1487.0053622136202,-1637.1567427979096,-150.15138058428943,25.56628632812499,29.093886328124995,3.5276000000000067
pair_Vta10__10s__0,10,pair_Vta10,7.349676395821154,1.8501730956502644,7.044541619127161,261.92482485765623,228.59885119644807,235.1818576884502,261.92482485765623,228.59885119644807,235.1818576884502,6.583006492002141,-26.742967169206025,76.82379034161558,68.18935826092104,-8.634432080694538,-215.3054569375448,-225.08142509293543,-9.775968155390643,97.43258657226562,107.61798657226564,10.185400000000016
pair_Vta10__120s__0,120,pair_Vta10,45436.41952814832,1051.4782285297474,45615.93706979731,2879.536097658788,2767.0151882006385,2900.12163023311,2879.536097658788,2767.0151882006385,2900.12163023311,133.10644203247148,20.58553257432186,1497.8175014235967,1610.8055710346175,112.98806961102082,-2326.34583103631,-2411.4087737560444,-85.06294271973456,128.61648974609375,70.56201025390624,-58.05447949218751
pair_Vta10__60s__0,60,pair_Vta10,3988.300687083151,687.575889216678,3724.7345586178008,1138.042694523832,1041.3861407246336,1081.4286130144535,1138.042694523832,1041.3861407246336,1081.4286130144535,40.0424722898199,-56.61408150937859,470.6450910054696,637.2343075797098,166.5892165742402,-928.9212336572612,-873.6987195366719,55.22251412058927,94.70830024414062,128.66670024414063,33.95840000000001
pair_Vta11__10s__0,10,pair_Vta11,404.3269355467641,96.58799395476038,424.3276121904864,85.03670570071155,126.35948378461798,175.0574698215064,85.03670570071155,126.35948378461798,175.0574698215064,48.69798603688842,90.02076412079485,3.189974058667694,67.17746501597375,63.98749095730606,126.31984850582404,161.65563086225242,35.33578235642838,48.77400173950196,28.47780173950196,-20.296200000000002
pair_Vta11__30s__0,30,pair_Vta11,1407.096377198067,546.885603912623,1507.53548002927,165.2128587648762,68.80088413686667,166.52086630835453,165.2128587648762,68.80088413686667,166.52086630835453,97.71998217148786,1.3080075434783396,0.9998396794705462,-134.16009476455076,-135.1599344440213,-68.79361771842483,-98.6402645800512,-29.84664686162637,94.2871009765625,33.06849902343748,-61.21860195312502
pair_Vta13__10s__0,10,pair_Vta13,95.91767193090216,37.6738563531873,95.4733536420099,177.687050834057,166.06793092263396,219.2105999448391,177.687050834057,166.06793092263396,219.2105999448391,53.142669022205126,41.523549110782085,-44.19743131176185,-55.90679946941287,-11.70936815765102,-160.07800921592442,-211.9606768477518,-51.88266763182739,12.876700328063976,10.325900328063966,-2.5508000000000095
pair_Vta14__10s__0,10,pair_Vta14,51.21091684458564,44.86272633377023,56.405411710095535,108.84031305002344,32.53448751976796,37.432176902430136,108.84031305002344,32.53448751976796,37.432176902430136,4.897689382662179,-71.4081361475933,-32.28654216553355,-27.71269643236389,4.573845733169655,-4.009126520643734,-25.1628776059421,-21.153751085298367,9.767100411987316,16.130600411987302,6.363499999999986
pair_Vta14__120s__0,120,pair_Vta14,41981.16222830232,766.903853069171,42045.42581779514,2092.3860126222744,2193.684008977519,2267.5530828811384,2092.3860126222744,2193.684008977519,2267.5530828811384,73.86907390361921,175.167070258864,253.07244387317377,199.62233129938653,-53.45011257378724,-2179.035930626615,-2258.745686666425,-79.70975603981015,102.8610002441406,39.15229975585936,-63.70870048828124
pair_Vta14__30s__0,30,pair_Vta14,932.683503591728,149.41430920081964,947.606879427448,411.5297106693644,161.08414775157803,212.6747933153956,411.5297106693644,161.08414775157803,212.6747933153956,51.59064556381756,-198.85491735396883,-39.03963557484944,-98.27145962687403,-59.23182405202459,-156.28182606363103,-188.60858597436155,-32.326759910730516,41.26149975585941,17.2365997558594,-24.02490000000001
pair_Vta15__10s__0,10,pair_Vta15,83.35408414160536,70.05853014288009,81.97408955128273,209.3550603958886,123.82110585231663,128.7945414589843,209.3550603958886,123.82110585231663,128.7945414589843,4.973435606667664,-80.56051893690429,-3.928036887635578,-1.385582877897754,2.542454009737824,-123.75848518672215,-128.7867869386809,-5.02830175195875,12.401199786376964,15.04719978637695,2.6459999999999866
pair_Vta15__30s__0,30,pair_Vta15,2203.7475165673195,262.3825943317848,2197.7239921334003,738.399382486973,739.4317098804557,741.4667572507923,738.399382486973,739.4317098804557,741.4667572507923,2.0350473703365424,3.0673747638193163,-192.534876156434,-232.9729029385088,-40.438026782074814,-713.9245287625413,-703.9132087013371,10.011320061204174,105.5602931640625,44.25790683593749,-61.30238632812501
pair_Vta16__10s__0,10,pair_Vta16,45.38949017760534,30.65022358558609,94.53206084873295,181.6165596822396,139.867825198584,145.26570796904278,181.6165596822396,139.867825198584,145.26570796904278,5.397882770458779,-36.35085171319682,-1.41461833080578,12.42377244575828,13.83839077656406,-139.86041432766237,-144.73305707636035,-4.872642748697984,68.7841090332031,71.0026090332031,2.218500000000006
pair_Vta16__120s__0,120,pair_Vta16,33641.50292919026,754.2598243979909,25893.06372886073,2378.618959065864,1980.890304038755,2216.886688531636,2378.618959065864,1980.890304038755,2216.886688531636,235.99638449288113,-161.73227053422806,-256.090325727538,-416.54937751719206,-160.45905178965404,-1964.2629882203391,-2177.399832748737,-213.1368445283979,134.3537990234375,57.60430097656251,-76.74949804687498
pair_Vta16__60s__0,60,pair_Vta16,7716.642150660443,643.5927488872348,5802.7096361151225,903.6960604282287,721.5303511230856,796.4225155110126,903.6960604282287,721.5303511230856,796.4225155110126,74.8921643879271,-107.2735449172161,217.60579185228752,311.1999691116914,93.59417725940389,-687.9157749804215,-733.0853074694033,-45.16953248898187,108.85289911499024,155.5350991149902,46.682199999999966
pair_Vta17__10s__0,10,pair_Vta17,83.81663493331736,11.4590768091787,30.77838614522052,130.70271706219464,96.32517223006526,105.06606282529708,130.70271706219464,96.32517223006526,105.06606282529708,8.740890595231818,-25.636654236897556,-7.051503403327079,-1.3881279137932054,5.663375489533873,-96.06683332089878,-105.05706540293558,-8.990232082036798,108.1185932861328,98.6260932861328,-9.492500000000007
pair_Vta17__60s__0,60,pair_Vta17,7399.071791090151,403.7979252229426,1213.8951959344292,346.1082849567063,325.6652064522089,358.86625482377747,346.1082849567063,325.6652064522089,358.86625482377747,33.20104837156856,12.757969867071154,308.1108485200363,355.97411206785887,47.863263547822555,105.4790975721661,45.46890142506796,-60.010196147098135,52.05470512695314,67.97700512695312,15.922299999999979
pair_Vta1a__10s__0,10,pair_Vta1a,100.08139460181847,19.646004132734,62.440982749979554,184.5213963946764,141.88766855180086,156.6552111041763,184.5213963946764,141.88766855180086,156.6552111041763,14.767542552375431,-27.866185290500113,-38.46220231423135,-28.284867804021047,10.1773345102103,-136.57470142418322,-154.0798957694181,-17.505194345234884,102.33771171875004,90.67101171874998,-11.666700000000063
pair_Vta1a__120s__0,120,pair_Vta1a,56504.76323951678,1504.0019532418842,55229.04227046183,2403.6712764370527,2331.588059426707,2449.70533397964,2403.6712764370527,2331.588059426707,2449.70533397964,118.11727455293294,46.03405754258711,250.8083041096853,389.6247751673049,138.8164710576196,-2317.9534383075893,-2418.384195593897,-100.43075728630765,10.447012451171872,0.2003875488281323,-10.24662490234374
pair_Vta1a__30s__0,30,pair_Vta1a,992.13333738626,194.60634717318533,1326.3084419428883,519.7792808089055,511.4585238858082,537.2387015267204,519.7792808089055,511.4585238858082,537.2387015267204,25.780177640912257,17.459420717814965,-67.71136450253914,-20.066084969270392,47.64527953326875,-506.9532891532783,-536.8617287808074,-29.908439627529106,103.91919953460696,41.93039953460692,-61.98880000000004
pair_Vta1b__30s__0,30,pair_Vta1b,1000.2640465871156,79.83221241107697,1005.1981966061207,314.43122415523385,273.5445217222472,299.6143970662856,314.43122415523385,273.5445217222472,299.6143970662856,26.069875344038394,-14.81682708894823,39.12466103272921,72.2471367426281,33.12247570989889,-270.7320449326023,-290.7730477078231,-20.04100277522076,117.87479994468686,89.62089994468687,-28.253899999999987
pair_Vta1b__60s__0,60,pair_Vta1b,8058.085602444799,316.0970337128445,8132.574258455838,769.7978767834102,802.4701058311399,807.1691850815516,769.7978767834102,802.4701058311399,807.1691850815516,4.699079250411728,37.37130829814146,102.00027891279372,129.13640543422918,27.136126521435457,-795.9573030352566,-796.7671550586608,-0.8098520234042326,51.963686816406266,17.98208681640625,-33.981600000000014
pair_Vta21__10s__0,10,pair_Vta21,87.09821891648396,65.54183970177981,96.63978233157324,122.97767991309334,76.25068408172287,90.30214534923508,122.97767991309334,76.25068408172287,90.30214534923508,14.05146126751221,-32.675534563858264,-73.1960139659887,-77.54189235393338,-4.34587838794468,-21.36688209420637,-46.27947273686164,-24.91259064265527,13.632099176025406,20.42479917602537,6.792699999999964
pair_Vta21__180s__0,180,pair_Vta21,90396.2688038394,2616.7985676711014,90242.39496981938,1275.2670844917593,1001.3564599785278,1145.793929545403,1275.2670844917593,1001.3564599785278,1145.793929545403,144.43746956687517,-129.47315494635632,-761.3914796857773,-648.8036460284584,112.58783365731892,-650.3207976847534,-944.3511298650408,-294.03033218028736,17.829800118255605,15.392300118255603,-2.4375000000000018
pair_Vta21__60s__0,60,pair_Vta21,15209.221128896996,1407.3652680399855,15936.731917279976,522.2882371902537,484.1316526527708,501.2064686307671,522.2882371902537,484.1316526527708,501.2064686307671,17.07481597799631,-21.081768559486534,12.958471165644935,-124.84548210319724,-137.80395326884218,-483.9517961979636,-485.40609508417975,-1.4542988862161792,173.92119804687502,85.07030195312501,-88.85089609375001
pair_Vta22__10s__0,10,pair_Vta22,72.2458910773835,68.81825922181169,22.173145044498792,161.48454011375296,144.09164233590352,150.80768256803665,161.48454011375296,144.09164233590352,150.80768256803665,6.716040232133139,-10.676857545716302,-6.877815479491918,-12.271091222160337,-5.393275742668418,-143.9279113064179,-150.3082293243312,-6.380318017913282,77.19750262451171,74.21990262451172,-2.9775999999999954
pair_Vta22__30s__0,30,pair_Vta22,685.8779183476752,47.63036849129203,733.4342673067769,361.6136670416387,360.5760970272319,374.3868464273544,361.6136670416387,360.5760970272319,374.3868464273544,13.81074940012246,12.773179385715707,-204.6508485054008,-169.3383642589136,35.3124842464872,-296.8785957214293,-333.90736693004607,-37.028771208616774,96.00139749755856,113.58309749755858,17.581700000000026
pair_Vta23__60s__0,60,pair_Vta23,8116.868433788525,420.1751653936183,7932.158505028886,605.1526030654142,403.0915304321719,465.7958288255068,605.1526030654142,403.0915304321719,465.7958288255068,62.70429839333491,-139.35677423990734,-52.63562285327353,20.874810781320832,73.51043363459436,-399.64619497072255,-465.3334844090327,-65.68728943831013,127.63200335693358,136.4716033569336,8.839600000000019
pair_Vta24__60s__0,60,pair_Vta24,466.0802259885888,341.69198063829015,437.3363238617167,495.9859006198448,466.6605024522879,520.5900979761528,495.9859006198448,466.6605024522879,520.5900979761528,53.92959552386492,24.60419735630802,463.4376464644566,513.0173232321101,49.57967676765355,-54.76095523569411,-88.48986060763538,-33.728905371941266,147.91139951171874,86.05679951171875,-61.85459999999999
pair_Vta26__120s__0,120,pair_Vta26,18433.79095145449,483.834910691462,21720.155235305265,657.818668773176,510.9030044466536,549.0767677242442,657.818668773176,510.9030044466536,549.0767677242442,38.17376327759058,-108.74190104893182,-333.2507422502529,182.42579218635709,515.67653443661,-387.2405247106559,-517.8861706338985,-130.64564592324257,84.81250062561037,94.97230062561032,10.159799999999947
pair_Vta26__30s__0,30,pair_Vta26,35.99925037876349,1.455939622497142,86.57852957755642,1.907443214735316,1.688478956947023,1.909356091532817,1.907443214735316,1.688478956947023,1.909356091532817,0.22087713458579383,0.001912876797500962,-0.5791374545289202,-0.4808017107610127,0.09833574376790749,-1.586052061201493,-1.847828598212126,-0.2617765370106331,64.80199926757811,57.535299267578125,-7.266699999999986
pair_Vta26__60s__0,60,pair_Vta26,487.9397363634027,20.65178305494988,853.7005027354329,31.90060480419366,26.30246829844599,32.10000371185816,31.90060480419366,26.30246829844599,32.10000371185816,5.797535413412167,0.19939890766449864,-3.8561686058687625,1.1633295714319605,5.019498177300723,26.01825094355352,32.078892818842945,6.0606418752894236,29.11850000000001,8.550099999999986,-20.568400000000025
pair_Vta27__10s__0,10,pair_Vta27,451.47891075967095,337.8663010203509,454.013683051189,487.6987176374396,416.4095907397223,430.0276264479664,487.6987176374396,416.4095907397223,430.0276264479664,13.618035708244065,-57.6710911894732,178.39801857442595,186.78775854684392,8.38973997241797,-376.2542743715613,-387.3368370992122,-11.082562727650895,6.93368730468751,25.08438730468748,18.15069999999997
pair_Vta27__30s__0,30,pair_Vta27,691.8541344632947,376.9199834138152,828.4510133258254,786.6269016021603,661.6283916536593,739.0632824734896,786.6269016021603,661.6283916536593,739.0632824734896,77.43489081983034,-47.563619128670666,216.2485794939679,167.8154490163394,-48.43313047762851,-625.2832320951667,-719.7529490905404,-94.46971699537369,4.002193164062476,84.52319316406249,80.52100000000002
pair_Vta27__60s__0,60,pair_Vta27,8474.399618263004,870.0027515676247,10231.611769877583,1302.7389183073456,1176.9344422549798,1247.3083681280302,1302.7389183073456,1176.9344422549798,1247.3083681280302,70.37392587305044,-55.43055017931533,174.80672996330705,163.23990431757298,-11.56682564573407,-1163.8674666229238,-1236.5674748442711,-72.70000822134739,111.95941318359375,14.188813183593766,-97.77059999999999
pair_Vta29__120s__0,120,pair_Vta29,38373.33867920986,1132.156506905225,42548.93332633275,1980.1607411274208,2309.9864512843974,2324.846352639941,1980.1607411274208,2309.9864512843974,2324.846352639941,14.85990135554357,344.68561151252015,1994.3010614297064,2018.8017992596408,24.50073782993445,-1165.6258242038796,-1152.9178922639867,12.707931939892887,143.02869945068358,126.2465005493164,-16.78219890136718
pair_Vta29__30s__0,30,pair_Vta29,282.91197658694193,170.07782441943596,492.7843221310301,46.700541205022766,62.01579468230485,62.48124521009248,46.700541205022766,62.01579468230485,62.48124521009248,0.4654505277876311,15.780704005069715,16.436830653350682,7.457277182457837,-8.979553470892846,-59.7979500878748,-62.03461208360926,-2.2366619957344582,7.7291109863281235,18.543410986328126,10.814300000000003
pair_Vta29__60s__0,60,pair_Vta29,12674.443308070417,673.0211636164382,11922.142582108365,1041.7776204792112,681.2031788464545,959.300262264156,1041.7776204792112,681.2031788464545,959.300262264156,278.09708341770147,-82.47735821505523,59.86688978106838,193.1972163631349,133.33032658206653,-678.5654092656099,-939.6437085934108,-261.0782993278009,140.49249961853025,0.1078003814697297,-140.38469923706052
pair_Vta2__120s__0,120,pair_Vta2,41031.829447295546,358.9429282858408,25102.141532251648,1071.3894844154245,992.4909278200508,1075.7902732324692,1071.3894844154245,992.4909278200508,1075.7902732324692,83.29934541241835,4.400788817044713,-361.235826544017,-313.2648790011159,47.970947542901115,-924.408198892374,-1029.163749350352,-104.75555045797796,70.16171269531247,125.0271126953125,54.86540000000002
pair_Vta2__180s__0,180,pair_Vta2,7318.400606037819,506.51337153217526,55714.30051747351,1585.8654764131518,1481.3807691129534,1641.418442657238,1585.8654764131518,1481.3807691129534,1641.418442657238,160.03767354428464,55.55296624408629,-1443.68424423987,-1552.1704475358156,-108.48620329594564,-332.0533318932174,-533.8737539279512,-201.82042203473378,25.83539658203125,123.10270341796874,97.26730683593749
pair_Vta30__120s__0,120,pair_Vta30,40491.56357744021,1210.3453421642282,46726.59029862858,282.7192896854146,157.85834720012164,419.5348163426007,282.7192896854146,157.85834720012164,419.5348163426007,261.67646914247905,136.81552665718613,100.02451051562522,153.45979412448852,53.4352836088633,122.12513627932958,-390.45657899118703,-512.5817152705166,42.0331958496094,31.38339584960937,-10.649800000000027
pair_Vta30__180s__0,180,pair_Vta30,28882.561418216712,666.9088563723939,8075.873119395751,571.9288565398648,310.20290368154525,704.9110144754205,571.9288565398648,310.20290368154525,704.9110144754205,394.7081107938753,132.98215793555573,-115.24065278085617,-306.5296061729133,-191.28895339205712,-288.00196965921543,-634.7735313407256,-346.7715616815102,116.88190512695314,83.26569487304687,-33.616210253906274
pair_Vta30__60s__0,60,pair_Vta30,9660.12562366117,119.53277062856934,10671.348463414217,387.5430038292619,338.206591508315,364.9810165419125,387.5430038292619,338.206591508315,364.9810165419125,26.77442503359748,-22.56198728734944,-153.10023792151364,-192.69401446519245,-39.593776543678814,-301.5681746606423,-309.9658908783284,-8.397716217686138,92.65410097656252,52.56010097656253,-40.09399999999999
pair_Vta4__120s__0,120,pair_Vta4,12411.004830174084,581.5034097874897,12847.625782689394,1168.408065178603,1016.7393430458328,1086.8694905713046,1168.408065178603,1016.7393430458328,1086.8694905713046,70.13014752547178,-81.53857460729841,60.99949104043185,62.55505955296735,1.5555685125355012,-1014.8745682543912,-1085.029931039442,-70.1553627850509,19.64210219726561,6.354402197265642,-13.287699999999969
pair_Vta6__10s__0,10,pair_Vta6,203.93976627552627,167.2899676239653,254.3352298027503,359.5700708040343,310.21564052915505,314.5852883469874,359.5700708040343,310.21564052915505,314.5852883469874,4.369647817832345,-44.98478245704689,10.126827377690232,31.960413126985344,21.83358574929511,-310.04778095816897,-312.95454633361345,-2.906765375444479,75.47018950195314,67.62808950195313,-7.842100000000016
pair_Vta7__10s__0,10,pair_Vta7,22.70599061154787,38.06528045401365,22.64013019777091,52.21912256842977,64.77792551047594,71.3563988912493,52.21912256842977,64.77792551047594,71.3563988912493,6.57847338077336,19.13727632281953,-5.219959802146765,-5.156155342175746,0.06380445997101969,-64.5672524691697,-71.16985200723155,-6.6025995380618525,59.614899992370624,63.98239999237063,4.367500000000007
pair_Vta7__30s__0,30,pair_Vta7,361.6277151936044,371.3908502808313,486.3951185270868,551.714258209751,401.62128463684985,556.3216841564428,551.714258209751,401.62128463684985,556.3216841564428,154.7003995195929,4.607425946691706,-98.39626799868454,-103.80954012196692,-5.413272123282383,-389.3802347185136,-546.5491742176326,-157.16893949911906,23.89259998521805,15.266499985218047,-8.626100000000005
pair_Vta8__10s__0,10,pair_Vta8,77.15849518848296,25.90306785720168,107.62511013222536,197.71275498911749,155.79738733104787,175.79873486149114,197.71275498911749,155.79738733104787,175.79873486149114,20.00134753044327,-21.914020127626344,-40.00937858733266,-1.3320072389241204,38.67737134840854,-150.571665479452,-175.79245523436865,-25.220789754916638,88.41210048828123,78.58620048828124,-9.82589999999999
pair_Vta8__30s__0,30,pair_Vta8,2507.5180458907703,217.00845339411035,2573.825456905261,518.4645827275677,407.0346441555678,448.6801661381475,518.4645827275677,407.0346441555678,448.6801661381475,41.64552198257974,-69.78441658942023,178.09249897388608,110.1726835318409,-67.91981544204518,-366.00282625455736,-434.9368004833716,-68.93397422881424,36.32580585937501,73.611405859375,37.28559999999999
pair_Vtb11__10s__0,10,pair_Vtb11,34.78676556015135,54.81747595294199,34.77718546075514,170.6594248085142,99.41469765052938,126.83742447927148,170.6594248085142,99.41469765052938,126.83742447927148,27.4227268287421,-43.82200032924271,-9.610530535008088,-13.643158700392496,-4.032628165384407,-98.94946361160794,-126.10216514799538,-27.15270153638744,29.277403173828134,9.681703173828112,-19.595700000000022
pair_Vtb1__10s__0,10,pair_Vtb1,134.4705016845965,38.12132817308131,125.89214121971904,255.91695542460704,217.69819026198903,229.07312285517628,255.91695542460704,217.69819026198903,229.07312285517628,11.374932593187253,-26.84383256943076,-14.39599606703458,-12.964236464569268,1.4317596024653128,-217.22121869948984,-228.70541848732887,-11.484199787839032,120.19579621582034,113.4352962158203,-6.760500000000036
pair_Vtb1__30s__0,30,pair_Vtb1,5104.720177342287,3378.780859214867,1066.919322291048,3320.109776434471,2950.0790851033653,3404.84479423245,3320.109776434471,2950.0790851033653,3404.84479423245,454.7657091290848,84.73501779797925,160.57814543816443,479.08140048934325,318.5032550511788,2945.5849849010515,3370.714598067145,425.12961316609335,77.17929853515625,83.57240146484378,6.3931029296875295
pair_Vtb1__60s__0,60,pair_Vtb1,12979.535764725852,371.69777357211314,12433.362005250232,699.4595955435975,781.5741026256537,814.1587833345179,699.4595955435975,781.5741026256537,814.1587833345179,32.5846807088642,114.6991877909204,-413.6290698724567,-371.0714196377481,42.5576502347086,-663.1420102388715,-724.6664650583731,-61.52445481950156,153.3727958496094,14.55659584960938,-138.8162
pair_Vtb2__120s__0,120,pair_Vtb2,14811.46602595714,498.7502230895913,13149.241112956724,814.8976159348933,895.3356237059992,957.1838564014596,814.8976159348933,895.3356237059992,957.1838564014596,61.84823269546041,142.28624046656626,-870.4891670657121,-950.5825606161756,-80.09339355046347,209.5992355981728,-112.45290850853884,-322.05214410671164,169.59560080871586,81.49349919128417,-88.10210161743169
pair_Vtb2__30s__0,30,pair_Vtb2,1197.367074841727,183.04885884641672,1232.3808279445318,310.81027232686193,198.8208614158477,282.6207583011164,310.81027232686193,198.8208614158477,282.6207583011164,83.79989688526868,-28.189514025745552,171.9949792751185,246.2893778082289,74.29439853311038,-99.73974868897125,-138.6275744267945,-38.88782573782325,61.91370366210936,155.6422036621094,93.72850000000005
pair_Vtb2__60s__0,60,pair_Vtb2,9645.682604497066,580.7306857167624,8235.429760575915,855.5058808965643,751.6171478474005,846.0674896961814,855.5058808965643,751.6171478474005,846.0674896961814,94.45034184878091,-9.438391200382966,-187.8738513706876,-224.2259003688852,-36.3520489981976,-727.7515303117061,-815.8048527580358,-88.05332244632973,94.94590512695314,149.52270512695313,54.57679999999999
pair_Vtb3__180s__0,180,pair_Vtb3,15511.733603147892,82.45322162972195,60640.72488235282,106.16888469518712,105.34173599718557,105.62498019940412,106.16888469518712,105.34173599718557,105.62498019940412,0.2832442022185546,-0.5439044957829964,11.861508594907235,11.376567115390772,-0.48494147951646305,-104.6716318805468,-105.0103486298694,-0.3387167493226002,132.721905859375,147.589005859375,14.867099999999994
pair_Vtb3__60s__0,60,pair_Vtb3,1017.8529355977066,50.45646169359263,2517.6926214391497,42.934286417430535,42.192375971703015,42.69761259198656,42.934286417430535,42.192375971703015,42.69761259198656,0.5052366202835472,-0.23667382544397242,11.587503247838027,11.666891375762091,0.07938812792406402,-40.5699957080932,-41.0727144423996,-0.5027187343063986,166.63989072265622,171.10230927734375,4.462418554687531
pair_Vtb4__10s__0,10,pair_Vtb4,198.15988111531405,47.081262248795085,200.4367549053021,47.11847544169014,25.258505581104394,60.171632729762905,47.11847544169014,25.258505581104394,60.171632729762905,34.91312714865851,13.053157288072768,-22.05014836423699,-44.31789405772029,-22.2677456934833,-12.319986038174422,-40.70067271170489,-28.38068667353047,47.92800561523438,80.6709056152344,32.74290000000002
pair_Vtb5__10s__0,10,pair_Vtb5,169.82303607321248,35.4528925676133,109.27310999520203,163.32280655746783,150.39630813099944,153.52757657711413,163.32280655746783,150.39630813099944,153.52757657711413,3.1312684461146887,-9.795229980353696,-7.133803486444727,-16.98486971179763,-9.851066225352902,-150.22777081757894,-152.58601546997855,-2.3582446523996055,81.99159786376953,81.05799786376951,-0.9336000000000126
pair_Vtb5__120s__0,120,pair_Vtb5,33245.16025976607,649.0269708595602,36747.26813413646,2871.74156530696,2837.1237347646256,2860.196197356831,2871.74156530696,2837.1237347646256,2860.196197356831,23.072462592205284,-11.545367950129275,262.0584522956501,259.7925874500868,-2.2658648455633283,-2825.3027886167265,-2848.686397778912,-23.38360916218562,46.82170451660156,64.02750451660157,17.20580000000001
pair_Vtb5__30s__0,30,pair_Vtb5,1671.3641287007906,212.19942476679705,1379.047786995069,307.85969704367886,251.11913348285864,313.9286056067402,307.85969704367886,251.11913348285864,313.9286056067402,62.809472123881534,6.0689085630613135,11.283246089513511,-59.05204535003208,-70.33529143954559,-250.8673666120416,-308.32598057584033,-57.45861396379874,31.331993041992177,25.730293041992184,-5.601699999999994
pair_Vtb5__60s__0,60,pair_Vtb5,7679.61579868529,547.0501039506709,8150.516764863943,1303.5954336897155,1228.8610980222209,1297.4761087601632,1303.5954336897155,1228.8610980222209,1297.4761087601632,68.61501073794238,-6.119324929552249,-318.85588846530214,-405.1636644039885,-86.30777593868635,-1186.8058598007262,-1232.6367967793287,-45.830936978602494,18.734302807617183,136.9146028076172,118.18030000000002
pair_Vtb6__10s__0,10,pair_Vtb6,67.47666156054248,17.42985417701172,67.4287932284641,164.88498422074102,113.47526972673931,146.85870017142062,164.88498422074102,113.47526972673931,146.85870017142062,33.38343044468131,-18.026284049320395,-25.25614624738828,-12.791495693635936,12.464650553752344,-110.62931093143904,-146.30131723833478,-35.67200630689574,5.026100122070318,2.9373998779296926,-2.0887002441406253
pair_Vtb7__10s__0,10,pair_Vtb7,85.82182086581,38.08552714633151,97.59805793743575,193.6912884625028,133.26467003967616,139.8511739639209,193.6912884625028,133.26467003967616,139.8511739639209,6.586503924244738,-53.8401144985819,-68.90308677250717,-75.63104547916409,-6.727958706656921,-114.06976340067196,-117.6366092835954,-3.5668458829234453,63.420297863769534,63.49969786376954,0.0794000000000068
pair_Vw11__10s__0,10,pair_Vw11,28.012389819822783,34.112558613228494,64.3490555251736,88.69141837187385,60.89357075342818,73.875137247308,88.69141837187385,60.89357075342818,73.875137247308,12.981566493879825,-14.816281124565847,-10.561179532593346,-16.814630953465883,-6.253451420872537,-59.97060394510202,-71.93591101418032,-11.9653070690783,85.05449967956542,83.11989967956544,-1.934599999999989
pair_Vw11__180s__0,180,pair_Vw11,122793.88961349192,1850.8642803720784,103766.06644167576,900.1866009898287,598.7689829144881,828.9078992304289,900.1866009898287,598.7689829144881,828.9078992304289,230.13891631594083,-71.27870175939972,378.20322481002165,409.295376110907,31.092151300885348,-464.1891673003434,-720.7782658763335,-256.58909857599014,34.8355967651367,116.54999676513673,81.71440000000003
pair_Vw12__30s__0,30,pair_Vw12,1123.9786241507106,112.9459779909561,1125.0517239184514,720.909984983899,781.6209401300064,787.5703973091261,720.909984983899,781.6209401300064,787.5703973091261,5.94945717911969,66.66041232522707,-187.95173632537032,-54.58681049039383,133.36492583497648,-758.6782179825223,-785.6736231586285,-26.99540517610626,156.67940007629397,110.08589992370604,-46.593500152587936
pair_Vw12__60s__0,60,pair_Vw12,3900.656276085871,303.1558349843046,3907.327812529537,1372.6674462876183,1201.4472547090477,1307.392539883216,1372.6674462876183,1201.4472547090477,1307.392539883216,105.94528517416825,-65.27490640440237,-229.1966501760266,-174.9619042270016,54.23474594902498,-1179.380393540182,-1295.6314712828907,-116.25107774270873,9.366300976562512,42.61149902343749,33.245198046874975
pair_Vw14a__10s__0,10,pair_Vw14a,64.7693696841657,26.408588237715595,48.68981727061601,289.186621728143,197.8355003372535,216.04549842020396,289.186621728143,197.8355003372535,216.04549842020396,18.20999808295045,-73.14112330793904,11.286119199077888,-38.821854821036126,-50.107974020114014,-197.5127184320683,-212.52745612658765,-15.01473769451934,70.24499934387205,95.36609934387208,25.121100000000027
pair_Vw14a__120s__0,120,pair_Vw14a,8952.29384203015,349.3520264490879,8669.371985330601,3231.527678916978,2978.3484172370754,3131.2614148168173,3231.527678916978,2978.3484172370754,3131.2614148168173,152.91299757974184,-100.2662641001607,272.03853857993045,168.41371416749485,-103.6248244124356,-2965.668140177165,-3126.4531078839,-160.7849677067352,134.87420183105468,29.973501831054705,-104.90069999999997
pair_Vw14a__180s__0,180,pair_Vw14a,45158.75204247237,345.32406370103377,45585.93111901463,4376.191145243076,4160.737206883275,4362.53951761926,4376.191145243076,4160.737206883275,4362.53951761926,201.80231073598497,-13.651627623816239,-1739.1352606634996,-1768.2757021737823,-29.1404415102827,-3779.389403506716,-3987.634209224285,-208.24480571756885,87.51749998092652,61.05000001907348,-26.467499961853036
pair_Vw14a__30s__0,30,pair_Vw14a,1114.3882908768458,59.02523236804864,1149.0096636181215,815.0893294724682,702.7001878460561,709.4431961950448,815.0893294724682,702.7001878460561,709.4431961950448,6.743008348988724,-105.64613327742336,-14.808028568961788,19.370878447119598,34.17890701608138,-702.5297828841817,-709.1654753727532,-6.635692488571522,121.39089893188476,108.85599893188476,-12.534900000000007
pair_Vw14b__10s__0,10,pair_Vw14b,46.4547149421859,18.195965586211923,52.49103033012517,229.0937095203333,194.16871260860137,205.2598204304849,229.0937095203333,194.16871260860137,205.2598204304849,11.091107821883526,-23.833889089848412,16.506208915983542,7.430760413225615,-9.075448502757927,-193.465800257196,-205.1254303796678,-11.659630122471782,114.3086014038086,100.0315014038086,-14.27709999999999
pair_Vw14b__120s__0,120,pair_Vw14b,52362.4866436625,509.3326323021141,52564.13706976712,2381.3702314558814,2139.06781780604,2325.405544475657,2381.3702314558814,2139.06781780604,2325.405544475657,186.33772666961704,-55.96468698022454,438.97368030046175,466.2489419555496,27.27526165508783,-2093.53845892378,-2278.1816770633604,-184.6432181395803,127.10750011062623,163.00939988937375,35.90189977874752
pair_Vw14b__60s__0,60,pair_Vw14b,12666.125426498067,440.05739294674464,12550.570554066982,1297.694910115958,1220.2424601309258,1239.091589803924,1297.694910115958,1220.2424601309258,1239.091589803924,18.849129672998288,-58.60332031203393,165.74406048938283,158.14257489017115,-7.601485599211685,-1208.8795092322528,-1228.9032096605144,-20.02370042826169,83.32940286865232,143.12040286865238,59.791000000000054
pair_Vw14c__10s__0,10,pair_Vw14c,125.2420104831558,41.07445049754899,40.888843130208045,53.81652048509869,37.35507585972586,41.35089789602208,53.81652048509869,37.35507585972586,41.35089789602208,3.995822036296225,-12.46562258907661,-9.7070663995211,-9.1977901687884,0.5092762307327003,-36.07184764205171,-40.31503567843573,-4.243188036384019,141.12569243164063,140.5777924316406,-0.5479000000000269
pair_Vw14c__120s__0,120,pair_Vw14c,3756.407948618477,318.4547144408224,10279.086203226423,465.9109186886754,495.82575027509085,527.87941894664,465.9109186886754,495.82575027509085,527.87941894664,32.05366867154919,61.96850025796465,-81.00120400221263,-50.431386364531136,30.569817637681496,-489.174285400519,-525.4753390733133,-36.301053672794296,86.91759639892575,11.175396398925784,-75.74219999999997
pair_Vw14c__180s__0,180,pair_Vw14c,52091.14694192061,1142.2708177437978,37066.514583774784,4154.938344313162,3906.114125348393,3938.4511898042815,4154.938344313162,3906.114125348393,3938.4511898042815,32.337064455888594,-216.4871545088804,-1736.1316882075005,-1768.8068582638643,-32.67517005636387,-3498.455384543681,-3518.2673455002814,-19.811960956600615,40.44230065612794,34.774900656127926,-5.667400000000015
pair_Vw14c__60s__0,60,pair_Vw14c,3402.650781789452,153.15484159063,2930.307918361397,1005.6894362373166,1037.265060168516,1061.9965321729303,1005.6894362373166,1037.265060168516,1061.9965321729303,24.7314720044144,56.30709593561369,116.04961574820317,20.699969635484763,-95.3496461127184,-1030.7348091921465,-1061.769352205106,-31.034543012959602,6.902099984741199,52.7290999847412,45.827
pair_Vw16a__180s__0,180,pair_Vw16a,92359.704564901,459.6647746988246,98124.35750765416,3367.9139876643967,3036.59428792194,3142.3806038152875,3367.9139876643967,3036.59428792194,3142.3806038152875,105.78631589334736,-225.5333838491092,1065.339223905019,925.210168376361,-140.129055528658,-2843.893885101901,-3003.449286882881,-159.55540178098,80.65079597167971,129.9313959716797,49.28059999999999
pair_Vw16b__60s__0,60,pair_Vw16b,11294.96498187764,324.0428814554755,11293.332120851785,1121.1509552855514,1040.6368184582152,1128.6380735771545,1121.1509552855514,1040.6368184582152,1128.6380735771545,88.0012551189393,7.48711829160311,217.8537881247484,219.40577339260187,1.5519852678534676,-1017.6096501863194,-1107.1452083011584,-89.53555811483898,61.77849890136719,178.3717010986328,116.59320219726561
pair_Vw17__10s__0,10,pair_Vw17,62.067501154120734,35.78857457967896,62.14423966321073,144.79310396174742,115.07017606477385,115.17081236172211,144.79310396174742,115.07017606477385,115.17081236172211,0.10063629694826659,-29.622291600025306,14.82626710748788,25.341546688962005,10.515279581474125,-114.11141668668309,-112.34851411951276,1.762902567170329,43.8287984741211,48.69979847412108,4.870999999999981
pair_Vw2__10s__0,10,pair_Vw2,91.4085919001974,16.551181033586595,55.15131036141708,178.6983227199425,123.2387310965778,133.69180517416228,178.6983227199425,123.2387310965778,133.69180517416228,10.453074077584489,-45.00651754578021,62.6915643946402,65.57387345534536,2.882309060705161,-106.10164631362504,-116.50572846676704,-10.404082153142,128.1342974365234,120.27449743652345,-7.859799999999964
pair_Vw2__120s__0,120,pair_Vw2,13542.15826306104,452.17749082803135,17940.633153300587,2647.439075361247,2380.30890610772,2648.2684512476217,2647.439075361247,2380.30890610772,2648.2684512476217,267.9595451399018,0.8293758863746916,-294.1408488829319,-191.44358009260716,102.69726879032473,-2362.277531777818,-2641.5892979779564,-279.31176620013866,147.87860360107425,64.89079639892577,-82.98780720214847
pair_Vw2__60s__0,60,pair_Vw2,10757.848355658129,825.2481492695472,12174.033315038048,1378.2293940061656,1419.5413569789334,1435.168337513611,1378.2293940061656,1419.5413569789334,1435.168337513611,15.626980534677614,56.9389435074454,17.117943704792822,-79.98157372845463,-97.09951743324746,-1419.454309819545,-1432.9479555900955,-13.493645770550529,111.69850756835936,37.73410756835938,-73.96439999999998
pair_Vw3__10s__0,10,pair_Vw3,129.98163134040118,12.32018242254245,142.7299222304204,106.4153068504016,83.46239989905446,86.1262264416252,106.4153068504016,83.46239989905446,86.1262264416252,2.663826542570746,-20.2890804087764,61.62921184338376,58.301641329225184,-3.327570514158573,-56.283293304851085,-63.39272355988308,-7.109430255031995,145.44739935913088,154.81869935913085,9.371299999999962
pair_Vw3__120s__0,120,pair_Vw3,47880.62896701592,2215.082831088475,58636.02373070757,1377.84250643341,1101.35814283588,1294.2874293878465,1377.84250643341,1101.35814283588,1294.2874293878465,192.92928655196647,-83.55507704556362,1038.2613311049713,1219.7048512019808,181.44352009700947,-367.42390107872814,-433.0075037273648,-65.58360264863666,44.16479658203125,94.8520965820312,50.687299999999944
pair_Vw3__180s__0,180,pair_Vw3,109251.97199988773,2904.737839629341,99099.29941007488,1440.2406826450783,1129.1575043825608,1570.1958296854602,1440.2406826450783,1129.1575043825608,1570.1958296854602,441.03832530289947,129.95514704038192,1030.4330283415104,1541.0254424219977,510.5924140804873,461.7392367125699,301.22397110492864,-160.51526560764125,174.78319786376954,120.77640213623044,-54.0067957275391
pair_Vw3__30s__0,30,pair_Vw3,1372.1347804149086,102.99165758055152,1115.5298913856996,397.4386447973848,371.1571023697376,444.520479708264,397.4386447973848,371.1571023697376,444.520479708264,73.36337733852645,47.081834910879195,48.94112791953077,31.242645118834474,-17.698482800696297,-367.9121854013905,-443.4161207984341,-75.50393539704362,65.01189902343748,27.822600976562512,-37.18929804687497
pair_Vw4__10s__0,10,pair_Vw4,315.1308813951869,27.114484547597986,292.30666317351944,28.112175123720625,63.14965169151719,76.55663431612204,28.112175123720625,63.14965169151719,76.55663431612204,13.40698262460485,48.44445919240142,-61.179604085632064,-74.87992568593802,-13.700321600305955,-15.650396369031563,-15.934753709384564,-0.28435734035300086,146.61239780273434,169.68069780273436,23.068300000000022
pair_Vw4__30s__0,30,pair_Vw4,1370.0452648815692,57.73605835268095,1255.9989139210245,519.8661061530255,385.8828593854976,505.785028199028,519.8661061530255,385.8828593854976,505.785028199028,119.90216881353035,-14.081077953997521,56.76760037050872,162.16236002216516,105.39475965165644,-381.6794712620064,-479.0781347101903,-97.39866344818387,42.49399911499023,157.50680088500974,115.01280177001951
pair_Vw4__60s__0,60,pair_Vw4,8059.522355893826,717.0473366297238,7783.720789187204,1410.665056864637,1372.8990468581185,1419.1296499785672,1410.665056864637,1372.8990468581185,1419.1296499785672,46.23060312044868,8.46459311393005,-440.015424976918,-552.1051928085536,-112.08976783163564,-1300.5531662016292,-1307.4144674486215,-6.861301246992298,153.87620195312502,136.169198046875,-17.70700390625001
pair_Vw5__60s__0,60,pair_Vw5,4335.037868169688,258.28717822752225,4384.625464694871,143.5042393237475,161.3389318331324,179.92911389144618,143.5042393237475,161.3389318331324,179.92911389144618,18.590182058313786,36.42487456769868,35.08388447330186,118.04445540649353,82.96057093319166,157.47796596154828,135.79227355513976,-21.68569240640852,107.2739963378906,166.5189963378906,59.245000000000005
pair_Vw6__10s__0,10,pair_Vw6,372.183483198762,56.43565043278384,372.4274759909523,87.18899195964738,49.96317521025704,54.97392551303703,87.18899195964738,49.96317521025704,54.97392551303703,5.010750302779989,-32.21506644661035,-48.855918506464185,-53.41185557462761,-4.5559370681634235,-10.459993782577788,-13.011405621439684,-2.5514118388618954,75.96921342773436,59.42551342773436,-16.5437
pair_Vw6__60s__0,60,pair_Vw6,9597.92249288214,495.6578243435598,8962.506197641069,240.70434335514616,200.2342165113891,314.2633915404165,240.70434335514616,200.2342165113891,314.2633915404165,114.02917502902739,73.55904818527031,-106.8413335416509,-196.5682951425744,-89.72696160092352,169.3459391398403,245.19383381163877,75.84789467179846,178.0365064697266,71.04380646972656,-106.99270000000003
pair_Vw7__10s__0,10,pair_Vw7,126.62326097480256,83.49582666322758,128.13058506682313,98.54225421909511,70.99005512122913,83.13786966301049,98.54225421909511,70.99005512122913,83.13786966301049,12.147814541781358,-15.404384556084622,5.048533821118959,1.356617034384472,-3.6919167867344873,-70.81042092335242,-83.12691691371573,-12.316495990363308,6.194988281250005,2.543811718750021,-3.651176562499984
pair_Vw7__120s__0,120,pair_Vw7,29050.929740218107,946.5872823506986,28858.67715537632,85.62510934576927,134.18986194181252,395.66775839660295,85.62510934576927,134.18986194181252,395.66775839660295,261.4778964547904,310.0426490508337,24.204528326542903,-272.566861320166,-296.77138964670894,-131.9881636841149,-286.8178197454433,-154.82965606132836,0.6841989624023483,105.37950103759766,104.69530207519531
pair_Vw8__10s__0,10,pair_Vw8,211.96959264119772,45.31357728467256,210.64364031607727,46.32882670452278,31.465625939185788,38.9612388780047,46.32882670452278,31.465625939185788,38.9612388780047,7.495612938818912,-7.367587826518083,-13.347654296124292,9.53538713067187,22.88304142679616,-28.49430274619081,-37.776352266547526,-9.282049520356715,113.41940878906247,116.7458087890625,3.326400000000021
pair_Vw8__120s__0,120,pair_Vw8,25816.390901523737,960.2692552180632,27011.17758572905,237.3323818692365,13.243468568148026,140.4404883177472,237.3323818692365,13.243468568148026,140.4404883177472,127.19701974959916,-96.89189355148932,-12.830381299404976,35.095051705590166,47.92543300499514,-3.2818869805511266,-135.9845602860319,-132.70267330548077,93.3992029296875,107.52759707031248,14.128394140624977
pair_Vw9__10s__0,10,pair_Vw9,112.9330360482433,26.34289155109709,112.78630981444604,88.89342969736482,80.23809810802486,96.7178498768724,88.89342969736482,80.23809810802486,96.7178498768724,16.47975176884755,7.824420179507584,-26.670869468114272,-30.419865930308944,-3.748996462194672,-75.67591384959864,-91.80971473136952,-16.13380088177088,50.38740354003909,39.17260354003906,-11.214800000000025
pair_Y1__30s__0,30,pair_Y1,2986.974243126885,838.9988341647764,3157.256520287351,534.5184438354021,425.4795727406902,501.77902063938,534.5184438354021,425.4795727406902,501.77902063938,76.29944789868983,-32.739423196022074,-419.80755106266326,-501.2457364437346,-81.43818538107132,69.2746815825785,23.237172934527848,-46.03750864805065,54.36989978637695,84.71189978637693,30.341999999999985
